ID_Keluar (Key),Tanggal,ID_Detail,ID Bahan Baku,Nama Bahan Baku,Jumlah_Keluar
72aa2a5f,05/11/2026 00:00:00,46219efd,BK-01,Biji Kopi,18
ca1a87a5,05/11/2026 00:00:00,46219efd,BK-05,Susu UHT,100
87fa7909,05/11/2026 00:00:00,46219efd,BK-03,Gula Aren,35
f20b5c49,05/11/2026 00:00:00,19818c71,BK-06,Teh,1
9a974b23,05/11/2026 00:00:00,19818c71,BK-04,Gula Putih,25
f1552098,05/11/2026 00:00:00,f2254527,MB-01,Le Mineral,1
78828ad0,05/11/2026 00:00:00,1629fc91,BK-01,Biji Kopi,18
235c3e45,05/11/2026 00:00:00,1629fc91,BK-02,SKM,25
ac78edc9,05/11/2026 00:00:00,9ab4b0ba,BK-06,Teh,2
904cb0e1,05/11/2026 00:00:00,9ab4b0ba,BK-04,Gula Putih,50
56aee08f,05/11/2026 00:00:00,368b350f,MB-01,Le Mineral,1
3a57be3c,05/12/2026 00:00:00,9a6cd6d1,BK-01,Biji Kopi,18
3e2cd339,05/12/2026 00:00:00,9a6cd6d1,BK-02,SKM,25
2baa6528,05/12/2026 00:00:00,53872520,BK-06,Teh,2
12e0932e,05/12/2026 00:00:00,53872520,BK-04,Gula Putih,50
243d024d,05/12/2026 00:00:00,09ad42ca,BK-06,Teh,1
66a14c14,05/12/2026 00:00:00,09ad42ca,BK-04,Gula Putih,25
bb6399a2,05/12/2026 00:00:00,0283b2bd,MB-02,Badak,2
deb099d9,05/12/2026 00:00:00,0283b2bd,BK-02,SKM,60
67d99608,05/12/2026 00:00:00,f3dbd712,BK-01,Biji Kopi,18
bcdf8b40,05/12/2026 00:00:00,923ffda5,BK-06,Teh,1
74c9d314,05/12/2026 00:00:00,923ffda5,BK-04,Gula Putih,25
71349359,05/12/2026 00:00:00,d537f0cb,BK-01,Biji Kopi,18
dd0516af,05/12/2026 00:00:00,d537f0cb,BK-02,SKM,25
ff3b0345,05/13/2026 00:00:00,bc9f11a9,BK-01,Biji Kopi,18
593183bc,05/13/2026 00:00:00,bc9f11a9,BK-02,SKM,25
08188aa4,05/13/2026 00:00:00,2dc6ea93,BK-06,Teh,1
f5725feb,05/13/2026 00:00:00,2dc6ea93,BK-04,Gula Putih,25
ed43515e,05/13/2026 00:00:00,6d6c63b8,MB-02,Badak,1
3d7ab9c7,05/13/2026 00:00:00,6d6c63b8,BK-02,SKM,30
a51f7796,05/13/2026 00:00:00,04cd189e,MB-01,Le Mineral,1
fc1c887b,05/13/2026 00:00:00,90f4c42b,MB-02,Badak,2
ecef8f75,05/13/2026 00:00:00,cf9cd209,MB-02,Badak,1
495eee91,05/13/2026 00:00:00,cf9cd209,BK-02,SKM,30
,,,,,
3a2b5414,05/13/2026 00:00:00,ed22251f,MB-01,Le Mineral,1
9cc55ad9,05/13/2026 00:00:00,c90aa572,MB-02,Badak,1
9659057a,05/13/2026 00:00:00,987eb267,BK-06,Teh,1
ea9c57a2,05/13/2026 00:00:00,987eb267,BK-04,Gula Putih,25
1d319e4b,05/13/2026 00:00:00,2a04db1f,BK-01,Biji Kopi,18
14a534fa,05/13/2026 00:00:00,096c0f1f,BK-01,Biji Kopi,18
15d265d8,05/13/2026 00:00:00,ba27729a,MB-01,Le Mineral,1
6d92cdf3,05/13/2026 00:00:00,2173ec7c,BK-01,Biji Kopi,18
258e176d,05/13/2026 00:00:00,f54a63d5,MB-01,Le Mineral,1
fa71ba07,05/14/2026 00:00:00,6be6fa36,MB-02,Badak,1
8c6c219b,05/14/2026 00:00:00,6be6fa36,BK-02,SKM,30
93c36c3a,05/14/2026 00:00:00,f39ef73e,BK-06,Teh,1
8b2b7acf,05/14/2026 00:00:00,f39ef73e,BK-04,Gula Putih,25
860d9cf8,05/14/2026 00:00:00,45ed50d9,BK-01,Biji Kopi,18
e58c31e9,05/14/2026 00:00:00,d1e839e4,BK-06,Teh,1
bb99e85b,05/14/2026 00:00:00,d1e839e4,BK-04,Gula Putih,25
8bb1509c,05/14/2026 00:00:00,1f4c85b9,MB-02,Badak,1
1c9c9d10,05/14/2026 00:00:00,de71a313,BK-01,Biji Kopi,18
af62efa0,05/14/2026 00:00:00,de71a313,BK-02,SKM,25
c7a69082,05/14/2026 00:00:00,acf2ac80,MB-02,Badak,1
246be1cc,05/14/2026 00:00:00,ac0b1e08,MB-01,Le Mineral,1
2bc63197,05/14/2026 00:00:00,66c93dd2,BK-01,Biji Kopi,18
6b564f18,05/14/2026 00:00:00,66c93dd2,BK-02,SKM,25
d875c167,05/14/2026 00:00:00,c94a6f35,BK-06,Teh,1
a32cbc53,05/14/2026 00:00:00,c94a6f35,BK-04,Gula Putih,25
62eab9b7,05/14/2026 00:00:00,dfcc1ef0,BK-06,Teh,2
d96d6ed8,05/14/2026 00:00:00,dfcc1ef0,BK-04,Gula Putih,50
a6765194,05/14/2026 00:00:00,9f80761f,BK-01,Biji Kopi,18
fe987d56,05/14/2026 00:00:00,9f80761f,BK-02,SKM,25
b1c34d2f,05/14/2026 00:00:00,ab4938fc,MB-01,Le Mineral,1
6405dc80,05/14/2026 00:00:00,67c8a1a7,BK-01,Biji Kopi,18
d6f6fc98,05/14/2026 00:00:00,67c8a1a7,BK-02,SKM,25
860adef1,05/14/2026 00:00:00,b270e5e4,MB-02,Badak,1
a0345bcb,05/14/2026 00:00:00,b270e5e4,BK-02,SKM,30
a467ba77,05/14/2026 00:00:00,eace0522,MB-02,Badak,1
2ca4c88e,05/14/2026 00:00:00,5118e0af,MB-01,Le Mineral,1
16988929,05/14/2026 00:00:00,22ed291c,MB-02,Badak,1
7a654947,05/14/2026 00:00:00,22ed291c,BK-02,SKM,30
e4ddbb41,05/14/2026 00:00:00,a597d8df,MB-02,Badak,1
17604ff3,05/14/2026 00:00:00,6408b50f,BK-01,Biji Kopi,18
ad12f738,05/15/2026 00:00:00,8d6a157f,MB-01,Le Mineral,1
d115b0f3,05/15/2026 00:00:00,e6cb0e21,MB-01,Le Mineral,1
2b08f864,05/15/2026 00:00:00,98d5f3c7,BK-01,Biji Kopi,18
3d74aa31,05/15/2026 00:00:00,98d5f3c7,BK-02,SKM,25
5740819f,05/15/2026 00:00:00,ec030ccc,BK-01,Biji Kopi,18
db361087,05/15/2026 00:00:00,ec030ccc,BK-02,SKM,25
84638087,05/15/2026 00:00:00,c102ff5f,BK-06,Teh,1
a420582e,05/15/2026 00:00:00,c102ff5f,BK-04,Gula Putih,25
5bb7ce2c,05/15/2026 00:00:00,4ab7d5f8,MB-02,Badak,1
20a1a93a,05/15/2026 00:00:00,4ab7d5f8,BK-02,SKM,30
56eda0dd,05/15/2026 00:00:00,ef9a5da4,BK-01,Biji Kopi,18
9c7ad8e1,05/15/2026 00:00:00,ef9a5da4,BK-02,SKM,25
3869cd9c,05/15/2026 00:00:00,26b32bdc,BK-01,Biji Kopi,18
deea1cc6,05/15/2026 00:00:00,26b32bdc,BK-02,SKM,25
a8f3c1d8,05/15/2026 00:00:00,47633f15,BK-01,Biji Kopi,18
ac2bc401,05/15/2026 00:00:00,47633f15,BK-02,SKM,25
6d276ad6,05/15/2026 00:00:00,173868da,BK-01,Biji Kopi,18
b64f46ac,05/15/2026 00:00:00,173868da,BK-02,SKM,25
a386c1c0,05/15/2026 00:00:00,8e394d46,BK-01,Biji Kopi,18
ddbfe81a,05/15/2026 00:00:00,8e394d46,BK-02,SKM,25
dd359a9c,05/15/2026 00:00:00,48dc1708,BK-01,Biji Kopi,180
63b9d765,05/16/2026 00:00:00,77b06eb3,BK-01,Biji Kopi,18
a1b0389c,05/16/2026 00:00:00,77b06eb3,BK-02,SKM,25
1ceaf91c,05/16/2026 00:00:00,9aea72bb,BK-06,Teh,1
8599c835,05/16/2026 00:00:00,9aea72bb,BK-04,Gula Putih,25
068fd4ab,05/16/2026 00:00:00,a08c5b77,BK-01,Biji Kopi,18
9e19fe00,05/16/2026 00:00:00,a08c5b77,BK-02,SKM,25
55f9a4ef,05/16/2026 00:00:00,99cc1d98,MB-01,Le Mineral,1
c6e58a52,05/16/2026 00:00:00,8902c050,MB-01,Le Mineral,1
1e14c051,05/16/2026 00:00:00,1f0b5bce,BK-01,Biji Kopi,18
c29ebc66,05/16/2026 00:00:00,1f0b5bce,BK-02,SKM,25
3f0eb6f4,05/17/2026 00:00:00,ff35f5c7,MB-01,Le Mineral,1
ca3595a3,05/17/2026 00:00:00,df3f3d54,MB-01,Le Mineral,1
c144c4f0,05/17/2026 00:00:00,b1a59f22,BK-06,Teh,1
4503364c,05/17/2026 00:00:00,b1a59f22,BK-04,Gula Putih,25
54b9753c,05/17/2026 00:00:00,4ff3a0ae,BK-06,Teh,1
b860043d,05/17/2026 00:00:00,4ff3a0ae,BK-04,Gula Putih,25
,,,,,
80da5a31,05/17/2026 00:00:00,1bd9796e,BK-01,Biji Kopi,18
c0c61269,05/17/2026 00:00:00,1bd9796e,BK-02,SKM,25
e98fcb8e,05/17/2026 00:00:00,15bfcf2c,MB-01,Le Mineral,1
0789ec22,05/17/2026 00:00:00,34e22d0d,MB-02,Badak,1
4aaba45e,05/17/2026 00:00:00,34e22d0d,BK-02,SKM,30
7968d7a8,05/17/2026 00:00:00,fc3dd661,BK-01,Biji Kopi,18
ff2d3b65,05/17/2026 00:00:00,cf7a71bc,BK-01,Biji Kopi,18
79d829db,05/17/2026 00:00:00,cf7a71bc,BK-02,SKM,25
f726466d,05/17/2026 00:00:00,2199c39a,MB-01,Le Mineral,1
9fd00e60,05/17/2026 00:00:00,10de5ce6,BK-01,Biji Kopi,18
7de83ea0,05/17/2026 00:00:00,10de5ce6,BK-02,SKM,25
ed700df1,05/17/2026 00:00:00,e0b07089,BK-01,Biji Kopi,18
1a3c7bf8,05/17/2026 00:00:00,ec272979,MB-02,Badak,1
dd9b48c7,05/17/2026 00:00:00,ec350336,BK-01,Biji Kopi,18
aaab75f0,05/17/2026 00:00:00,5a007b7d,BK-01,Biji Kopi,18
e3273bb3,05/17/2026 00:00:00,5a007b7d,BK-02,SKM,25
c79b4759,05/18/2026 00:00:00,0ee34b3c,BK-06,Teh,1
178dc60a,05/18/2026 00:00:00,0ee34b3c,BK-04,Gula Putih,25
358722df,05/18/2026 00:00:00,877ac7cb,BK-06,Teh,2
a1ebff08,05/18/2026 00:00:00,877ac7cb,BK-04,Gula Putih,50
41b1bb93,05/18/2026 00:00:00,646fd5f7,BK-01,Biji Kopi,18
add5cd79,05/18/2026 00:00:00,646fd5f7,BK-02,SKM,25
36ab3bd3,05/18/2026 00:00:00,7c2de544,BK-01,Biji Kopi,18
2d48887a,05/18/2026 00:00:00,7c2de544,BK-02,SKM,25
77ef9114,05/18/2026 00:00:00,0fda71ae,BK-01,Biji Kopi,18
77f0658d,05/18/2026 00:00:00,0fda71ae,BK-02,SKM,25
41962738,05/18/2026 00:00:00,d2855247,BK-01,Biji Kopi,18
cdd2050e,05/19/2026 00:00:00,aa1747ea,BK-06,Teh,1
3ac19709,05/19/2026 00:00:00,aa1747ea,BK-04,Gula Putih,25
1958650a,05/19/2026 00:00:00,0b17a74b,BK-01,Biji Kopi,18
75bfc452,05/19/2026 00:00:00,0b17a74b,BK-02,SKM,25
120c03e9,05/19/2026 00:00:00,b7943c98,MB-02,Badak,1
c30e7cee,05/19/2026 00:00:00,b7943c98,BK-02,SKM,30
c6389383,05/19/2026 00:00:00,971899c4,MB-02,Badak,1
94d25d91,05/19/2026 00:00:00,542d1062,MB-02,Badak,1
b79aac75,05/19/2026 00:00:00,542d1062,BK-02,SKM,30
19ec4514,05/19/2026 00:00:00,452c35d8,BK-01,Biji Kopi,36
2d388596,05/19/2026 00:00:00,452c35d8,BK-02,SKM,50
df276ace,05/20/2026 00:00:00,77a1435d,BK-01,Biji Kopi,18
9df47524,05/20/2026 00:00:00,77a1435d,BK-02,SKM,25
5eb1198e,05/20/2026 00:00:00,38308c62,BK-01,Biji Kopi,36
9cf64fdf,05/20/2026 00:00:00,38308c62,BK-02,SKM,50
96344948,05/20/2026 00:00:00,c60974b7,MB-01,Le Mineral,1
74753f4a,05/20/2026 00:00:00,381c3ff8,BK-01,Biji Kopi,18
5861d75e,05/20/2026 00:00:00,381c3ff8,BK-02,SKM,25
410be299,05/20/2026 00:00:00,573862cf,BK-01,Biji Kopi,36
dcbee17b,05/20/2026 00:00:00,573862cf,BK-02,SKM,50
e9d30c00,05/20/2026 00:00:00,9f0f9e73,MB-02,Badak,1
cf325bf0,05/20/2026 00:00:00,0fd8680d,BK-01,Biji Kopi,18
6536a5d2,05/20/2026 00:00:00,0fd8680d,BK-02,SKM,25
5f0aa858,05/20/2026 00:00:00,ef2591de,BK-06,Teh,2
501ef4aa,05/20/2026 00:00:00,ef2591de,BK-04,Gula Putih,50
08cdca18,05/20/2026 00:00:00,0f000a50,BK-01,Biji Kopi,18
872aa8f0,05/20/2026 00:00:00,0f000a50,BK-02,SKM,25
9bdc3506,05/21/2026 00:00:00,8272cb7a,BK-01,Biji Kopi,18
f9382c3d,05/21/2026 00:00:00,8272cb7a,BK-02,SKM,25
612d45ab,05/21/2026 00:00:00,73bb8625,BK-01,Biji Kopi,18
0a8dd288,05/21/2026 00:00:00,be601d6e,BK-01,Biji Kopi,18
a0d36c33,05/21/2026 00:00:00,0f86de7f,BK-01,Biji Kopi,18
6088a7f1,05/26/2026 00:00:00,fa39a835,BK-06,Teh,1
09b6ab8a,05/26/2026 00:00:00,fa39a835,BK-04,Gula Putih,25
387a6914,05/26/2026 00:00:00,e0a01924,BK-06,Teh,1
6604f997,05/26/2026 00:00:00,e0a01924,BK-04,Gula Putih,25
269ab284,05/26/2026 00:00:00,153a8027,MB-01,Le Mineral,2
a17998fd,05/26/2026 00:00:00,1d1fa2e0,MB-02,Badak,1
d9f90835,05/26/2026 00:00:00,50dbbc13,MB-01,Le Mineral,1
c67e8ba2,05/26/2026 00:00:00,7e1e73de,MB-01,Le Mineral,1
78a14954,05/26/2026 00:00:00,dbebcfdf,BK-06,Teh,1
a5aa3a5b,05/26/2026 00:00:00,dbebcfdf,BK-04,Gula Putih,25
a747ec21,05/26/2026 00:00:00,11ee00ca,MB-01,Le Mineral,1
f02317b3,05/26/2026 00:00:00,684f6b1a,MB-02,Badak,1
f29fcde7,05/26/2026 00:00:00,d645a39f,MB-02,Badak,1
dfbd2f06,05/26/2026 00:00:00,f5a20b59,BK-01,Biji Kopi,54
c2c0e82b,05/26/2026 00:00:00,f5a20b59,BK-02,SKM,75
72da2382,05/26/2026 00:00:00,4b2f3c6c,BK-01,Biji Kopi,18
c2d9944e,05/26/2026 00:00:00,54fa9ea7,MB-01,Le Mineral,1
3ae896c5,05/26/2026 00:00:00,a81bd421,MB-01,Le Mineral,1
9a70364b,05/29/2026 00:00:00,b52f24ec,BK-06,Teh,2
c8ada3b8,05/29/2026 00:00:00,b52f24ec,BK-04,Gula Putih,50
d186c5c6,05/29/2026 00:00:00,e7fbdb18,MB-01,Le Mineral,1
0c6f203b,05/29/2026 00:00:00,84fc39b4,BK-01,Biji Kopi,18
f00b710c,05/29/2026 00:00:00,84fc39b4,BK-02,SKM,25
97f004e5,05/29/2026 00:00:00,cb5c48c5,MB-02,Badak,1
8ba12566,05/29/2026 00:00:00,cc6a4ff6,BK-06,Teh,1
55c04fe9,05/29/2026 00:00:00,cc6a4ff6,BK-04,Gula Putih,25
40d170cf,05/29/2026 00:00:00,1377046e,MB-01,Le Mineral,1
,,,,,
cfa183eb,05/29/2026 00:00:00,927c48e5,BK-01,Biji Kopi,18
434e0a27,05/29/2026 00:00:00,927c48e5,BK-02,SKM,25
cfddd31c,05/29/2026 00:00:00,78973828,BK-01,Biji Kopi,18
985b5120,05/29/2026 00:00:00,78973828,BK-02,SKM,25
fea3a128,05/29/2026 00:00:00,6d02fdb6,BK-01,Biji Kopi,18
afd68e13,05/29/2026 00:00:00,6d02fdb6,BK-02,SKM,25
afab84d6,05/29/2026 00:00:00,dd21092c,BK-01,Biji Kopi,18
bbe651c7,05/29/2026 00:00:00,dd21092c,BK-02,SKM,25
6cd89faf,05/29/2026 00:00:00,a8a052ea,BK-01,Biji Kopi,36
259438a0,05/29/2026 00:00:00,a8a052ea,BK-02,SKM,50
d0817622,05/29/2026 00:00:00,7c644760,MB-01,Le Mineral,1
c58ab91a,05/29/2026 00:00:00,80c65e9e,BK-01,Biji Kopi,18
e08cbfbc,05/29/2026 00:00:00,80c65e9e,BK-02,SKM,25
aabf0683,05/29/2026 00:00:00,4db33986,BK-01,Biji Kopi,18
b4d45f57,05/29/2026 00:00:00,c9d8dad6,BK-06,Teh,1
e46794fb,05/29/2026 00:00:00,c9d8dad6,BK-04,Gula Putih,25
3be5b3aa,05/29/2026 00:00:00,15ce9268,BK-01,Biji Kopi,18
e3248a91,05/29/2026 00:00:00,15ce9268,BK-02,SKM,25
3d2d80c0,05/30/2026 00:00:00,c33cfe3c,BK-06,Teh,1
e81720eb,05/30/2026 00:00:00,c33cfe3c,BK-04,Gula Putih,25
7a307a4c,05/30/2026 00:00:00,00a2a087,BK-01,Biji Kopi,18
8e3d451f,05/30/2026 00:00:00,00a2a087,BK-02,SKM,25
36b5f7e5,05/30/2026 00:00:00,3deb4767,BK-01,Biji Kopi,36
ba5ca41a,05/30/2026 00:00:00,7b04a5d9,BK-01,Biji Kopi,18
a3fdbf33,05/30/2026 00:00:00,89ae339f,MB-01,Le Mineral,1
ce2c1b30,05/30/2026 00:00:00,c1f2fb89,BK-01,Biji Kopi,18
92d28de4,05/30/2026 00:00:00,c1f2fb89,BK-02,SKM,25
792510f4,05/30/2026 00:00:00,e2bf768d,BK-06,Teh,1
a03641ed,05/30/2026 00:00:00,e2bf768d,BK-04,Gula Putih,25
f0a7ac2c,05/30/2026 00:00:00,f80873ee,BK-06,Teh,1
84d7b57b,05/30/2026 00:00:00,f80873ee,BK-04,Gula Putih,25
9b271d3d,05/30/2026 00:00:00,77f694eb,BK-06,Teh,1
1a6ea764,05/30/2026 00:00:00,77f694eb,BK-04,Gula Putih,25
a00fcab0,05/30/2026 00:00:00,b3c78171,MB-01,Le Mineral,1
880c43ba,05/30/2026 00:00:00,768129c3,BK-01,Biji Kopi,18
88b65170,05/30/2026 00:00:00,b4868575,MB-02,Badak,2
b9e738d7,05/30/2026 00:00:00,ccf56c39,BK-01,Biji Kopi,18
1be5e25b,05/30/2026 00:00:00,ccf56c39,BK-02,SKM,25
82598638,05/30/2026 00:00:00,f877b675,MB-02,Badak,1
3249c092,05/30/2026 00:00:00,9ada383c,BK-01,Biji Kopi,18
95d41e42,05/30/2026 00:00:00,358809fe,BK-01,Biji Kopi,18
,,,,,
,,,,,
486250db,05/30/2026 00:00:00,1c9ec410,BK-01,Biji Kopi,18
ca329ba1,05/30/2026 00:00:00,1c9ec410,BK-02,SKM,25
1fe7e26c,05/31/2026 00:00:00,42115803,BK-01,Biji Kopi,18
79f4b0ad,05/31/2026 00:00:00,42115803,BK-02,SKM,25
4627e64d,05/31/2026 00:00:00,5196fdf3,MB-02,Badak,1
2f6917b8,05/31/2026 00:00:00,5196fdf3,BK-02,SKM,30
9c5fd9e8,05/31/2026 00:00:00,fa3fe418,BK-01,Biji Kopi,18
e287ccf5,05/31/2026 00:00:00,fa3fe418,BK-02,SKM,25
6fc559bf,05/31/2026 00:00:00,c4b3ce25,MB-01,Le Mineral,1
562c2b38,05/31/2026 00:00:00,2f4b0629,BK-01,Biji Kopi,18
096160a0,05/31/2026 00:00:00,2f4b0629,BK-02,SKM,25
4f5933c5,05/31/2026 00:00:00,6f035a72,BK-01,Biji Kopi,18
dede5a48,05/31/2026 00:00:00,6f035a72,BK-02,SKM,25
a87c2feb,05/31/2026 00:00:00,50388fac,MB-02,Badak,1
a2ce6b21,05/31/2026 00:00:00,cfc5b954,BK-01,Biji Kopi,18
d072706b,05/31/2026 00:00:00,cfc5b954,BK-02,SKM,25
2a350dd7,05/31/2026 00:00:00,7f29a7aa,MB-01,Le Mineral,1
cf515306,05/31/2026 00:00:00,a63d446d,BK-01,Biji Kopi,18
b18232a7,05/31/2026 00:00:00,a63d446d,BK-02,SKM,25
76adc517,05/31/2026 00:00:00,cdb3a2b2,MB-01,Le Mineral,1
68045252,05/31/2026 00:00:00,e6b260a9,BK-01,Biji Kopi,18
187f5d58,05/31/2026 00:00:00,e6b260a9,BK-02,SKM,25
bd3fdf5a,05/31/2026 00:00:00,c4bbce31,BK-01,Biji Kopi,18
41ebac90,05/31/2026 00:00:00,c4bbce31,BK-02,SKM,25
06bbc71a,05/31/2026 00:00:00,63f99715,MB-01,Le Mineral,3
105a86f6,05/31/2026 00:00:00,d16a6a0e,MB-01,Le Mineral,1
d80d26d7,06/01/2026 00:00:00,1659c98b,BK-06,Teh,1
5e5f4bdb,06/01/2026 00:00:00,1659c98b,BK-04,Gula Putih,25
4b3399ac,06/01/2026 00:00:00,ffa0fbc6,BK-06,Teh,1
aa40da58,06/01/2026 00:00:00,ffa0fbc6,BK-04,Gula Putih,25
915243f0,06/01/2026 00:00:00,5b381264,BK-01,Biji Kopi,36
d5af10e2,06/01/2026 00:00:00,5b381264,BK-02,SKM,50
d8279660,06/01/2026 00:00:00,80019d84,BK-01,Biji Kopi,36
533c721c,06/01/2026 00:00:00,80019d84,BK-02,SKM,50
5f40f9ba,06/01/2026 00:00:00,aa77e554,BK-01,Biji Kopi,18
82265b1c,06/01/2026 00:00:00,aa77e554,BK-02,SKM,25
cc3a40d6,06/01/2026 00:00:00,6196c0be,BK-01,Biji Kopi,36
f731c5e2,06/01/2026 00:00:00,6196c0be,BK-02,SKM,50
e2a7dcb2,06/01/2026 00:00:00,23289d25,BK-01,Biji Kopi,18
f28cfb5e,06/01/2026 00:00:00,92cdf76c,BK-06,Teh,1
c650274b,06/01/2026 00:00:00,92cdf76c,BK-04,Gula Putih,25
b2a2ba56,06/01/2026 00:00:00,aa03837d,BK-01,Biji Kopi,18
12536ce1,06/01/2026 00:00:00,aa03837d,BK-02,SKM,25
233cf73e,06/01/2026 00:00:00,4b5a6f2a,BK-01,Biji Kopi,18
a4bcb053,06/01/2026 00:00:00,4b5a6f2a,BK-02,SKM,25
515af294,06/01/2026 00:00:00,a8b9333a,BK-01,Biji Kopi,18
8f74ec94,06/01/2026 00:00:00,a8b9333a,BK-02,SKM,25
e5d773a5,06/01/2026 00:00:00,6f5da3a0,MB-02,Badak,1
7b4d3a0c,06/01/2026 00:00:00,b6dea299,MB-01,Le Mineral,1
8fd918b8,06/01/2026 00:00:00,b8298b0a,MB-02,Badak,1
7ece44bd,06/01/2026 00:00:00,c8a72040,BK-01,Biji Kopi,18
c6c575d8,06/01/2026 00:00:00,c8a72040,BK-02,SKM,25
bb13cd52,06/01/2026 00:00:00,6b29c321,BK-01,Biji Kopi,18
46116f54,06/01/2026 00:00:00,6b29c321,BK-02,SKM,25
7ad8335a,06/01/2026 00:00:00,43ea7950,BK-01,Biji Kopi,18
c5e51628,06/01/2026 00:00:00,1750cca4,MB-02,Badak,2
42df8f0e,06/01/2026 00:00:00,0de7317a,MB-01,Le Mineral,1
7a74070a,06/02/2026 00:00:00,c42cec39,MB-01,Le Mineral,1
71ba5a38,06/02/2026 00:00:00,5d5a0761,BK-06,Teh,1
52542ce3,06/02/2026 00:00:00,5d5a0761,BK-04,Gula Putih,25
60846d83,06/02/2026 00:00:00,0b332104,BMK-04,Nugget,100
c94f257c,06/02/2026 00:00:00,0b332104,BMK-09,Minyak Goreng,10
22153f7e,06/02/2026 00:00:00,f009682a,BK-01,Biji Kopi,18
56c0f25b,06/02/2026 00:00:00,f009682a,BK-02,SKM,25
584c24ff,06/02/2026 00:00:00,e9a8bc7f,MB-02,Badak,1
fbf15eaa,06/02/2026 00:00:00,e9a8bc7f,BK-02,SKM,30
e7012b0d,06/02/2026 00:00:00,e965119f,BK-01,Biji Kopi,18
f0f1bf5c,06/02/2026 00:00:00,e965119f,BK-02,SKM,25
e43356eb,06/02/2026 00:00:00,ea780886,MB-02,Badak,1
ac6b99cb,06/02/2026 00:00:00,ea780886,BK-02,SKM,30
6ae6198d,06/02/2026 00:00:00,e105fbdb,BK-01,Biji Kopi,18
894db250,06/02/2026 00:00:00,e105fbdb,BK-02,SKM,25
e3b9c60d,06/02/2026 00:00:00,d291b891,BK-01,Biji Kopi,18
2a144d25,06/02/2026 00:00:00,d291b891,BK-02,SKM,25
f1f36d72,06/02/2026 00:00:00,4b6aefe6,BK-06,Teh,2
6ea52b84,06/02/2026 00:00:00,4b6aefe6,BK-04,Gula Putih,50
f6883215,06/02/2026 00:00:00,4d323313,BMK-01,Ayam,2
3752bfec,06/02/2026 00:00:00,4d323313,BMK-02,Nasi,200
7d193840,06/02/2026 00:00:00,4d323313,BMK-09,Minyak Goreng,20
949c0a72,06/02/2026 00:00:00,4d323313,BMK-09,Minyak Goreng,20
dd75ed5d,06/03/2026 00:00:00,a94cd737,MB-01,Le Mineral,1
9b451ba2,06/03/2026 00:00:00,25cc4cb7,BK-01,Biji Kopi,18
6d1a4b58,06/03/2026 00:00:00,25cc4cb7,BK-02,SKM,25
64b3166e,06/03/2026 00:00:00,d413e1ba,MB-01,Le Mineral,1
418201ba,06/03/2026 00:00:00,b6a4774c,BK-01,Biji Kopi,18
d5414f8e,06/03/2026 00:00:00,b6a4774c,BK-02,SKM,25
197a4856,06/03/2026 00:00:00,4664b226,BK-06,Teh,1
ee27db5b,06/03/2026 00:00:00,4664b226,BK-04,Gula Putih,25
81114c61,06/03/2026 00:00:00,4f19e311,MB-02,Badak,1
2757a404,06/03/2026 00:00:00,ebc82d1c,BMK-04,Nugget,100
58986d38,06/03/2026 00:00:00,ebc82d1c,BMK-09,Minyak Goreng,10
0b582fff,06/03/2026 00:00:00,89057379,BK-01,Biji Kopi,18
65f831f4,06/04/2026 00:00:00,a72591b5,BK-01,Biji Kopi,18
97fcc425,06/04/2026 00:00:00,a72591b5,BK-02,SKM,25
6aed713c,06/04/2026 00:00:00,d8490604,BK-06,Teh,1
4a07d826,06/04/2026 00:00:00,d8490604,BK-04,Gula Putih,25
8444eedc,06/04/2026 00:00:00,8f27082c,BK-01,Biji Kopi,18
f51e8615,06/04/2026 00:00:00,8f27082c,BK-05,Susu UHT,100
f01414d7,06/04/2026 00:00:00,5fdabe16,BMK-05,Sosis,4
24a2368f,06/04/2026 00:00:00,5fdabe16,BMK-09,Minyak Goreng,10
4a0341c6,06/05/2026 00:00:00,fd8a539d,BK-01,Biji Kopi,18
3920f95d,06/05/2026 00:00:00,570adfd4,BK-01,Biji Kopi,36
bf8b56c1,06/05/2026 00:00:00,570adfd4,BK-02,SKM,50
f80549bc,06/05/2026 00:00:00,64b4f770,BMK-08,Indomie Goreng,2
99fcac51,06/05/2026 00:00:00,64b4f770,BMK-09,Minyak Goreng,20
d51e4275,06/05/2026 00:00:00,64b4f770,BMK-10,Telur,2
21ea3bd8,06/05/2026 00:00:00,254e242c,BK-01,Biji Kopi,18
c6fcd920,06/05/2026 00:00:00,254e242c,BK-02,SKM,25
5acb87f2,06/05/2026 00:00:00,d7211494,MB-01,Le Mineral,1
a717ea20,06/05/2026 00:00:00,80de9c88,MB-02,Badak,1
e36989df,06/05/2026 00:00:00,62be1ccc,BK-06,Teh,2
24022ae9,06/05/2026 00:00:00,62be1ccc,BK-04,Gula Putih,50
7f561049,06/05/2026 00:00:00,5a3c1eee,BK-01,Biji Kopi,18
e7704bf6,06/05/2026 00:00:00,5a3c1eee,BK-02,SKM,25
d2a3a4a3,06/05/2026 00:00:00,d9913ec5,BK-06,Teh,2
361f1053,06/05/2026 00:00:00,d9913ec5,BK-04,Gula Putih,50
e8f2ca24,06/05/2026 00:00:00,ce6856e2,BMK-06,Kentang,100
0b5388fe,06/05/2026 00:00:00,ce6856e2,BMK-09,Minyak Goreng,10
cba209ba,06/05/2026 00:00:00,7fb9a34a,BK-01,Biji Kopi,36
e7e9ee47,06/05/2026 00:00:00,7fb9a34a,BK-02,SKM,50
2e0bc1a3,06/05/2026 00:00:00,6c25ab46,BK-01,Biji Kopi,18
c48fcc95,06/05/2026 00:00:00,6c25ab46,BK-02,SKM,25
34371139,06/06/2026 00:00:00,28ae9d22,MB-01,Le Mineral,1
9ca0e9f1,06/06/2026 00:00:00,aca6d694,BK-01,Biji Kopi,18
50d62f5a,06/06/2026 00:00:00,aca6d694,BK-02,SKM,25
,,,,,
,,,,,
,,,,,
,,,,,
7527f0f4,06/06/2026 00:00:00,3ea1177b,BK-01,Biji Kopi,18
a7931254,06/06/2026 00:00:00,3ea1177b,BK-02,SKM,25
565cbf10,06/06/2026 00:00:00,3d34d1f7,BK-06,Teh,1
aa064442,06/06/2026 00:00:00,3d34d1f7,BK-04,Gula Putih,25
a3320b41,06/06/2026 00:00:00,193562df,BK-01,Biji Kopi,18
758ccc22,06/06/2026 00:00:00,193562df,BK-02,SKM,25
fcdad73f,06/06/2026 00:00:00,a1c8e35f,BK-01,Biji Kopi,54
be1cf0b2,06/06/2026 00:00:00,a1c8e35f,BK-02,SKM,75
27a34b0d,06/06/2026 00:00:00,7734c22f,BMK-06,Kentang,100
1fe1fc66,06/06/2026 00:00:00,7734c22f,BMK-09,Minyak Goreng,10
471886bf,06/06/2026 00:00:00,ba69f90c,MB-01,Le Mineral,1
16899ab7,06/06/2026 00:00:00,338d327a,BMK-08,Indomie Goreng,2
98a09fd1,06/06/2026 00:00:00,338d327a,BMK-09,Minyak Goreng,10
9f1b9713,06/06/2026 00:00:00,338d327a,BMK-10,Telur,1
,,,,,
8c81de85,06/06/2026 00:00:00,e63d96c6,MB-01,Le Mineral,1
72ca63b3,06/06/2026 00:00:00,0f906ee7,BK-01,Biji Kopi,18
df07d2ae,06/07/2026 00:00:00,40c4da06,BMK-08,Indomie Goreng,1
e8b04de6,06/07/2026 00:00:00,40c4da06,BMK-09,Minyak Goreng,10
4c2ccdf3,06/07/2026 00:00:00,40c4da06,BMK-10,Telur,1
427b8f30,06/07/2026 00:00:00,6be32808,BK-01,Biji Kopi,18
60452c6e,06/07/2026 00:00:00,6be32808,BK-02,SKM,25
b7250c00,06/07/2026 00:00:00,79b41929,BK-01,Biji Kopi,72
fee260f6,06/07/2026 00:00:00,0af2207d,BK-01,Biji Kopi,18
68a47a06,06/07/2026 00:00:00,0af2207d,BK-02,SKM,25
7b4dd75a,06/07/2026 00:00:00,1d9f3254,MB-02,Badak,1
8d3e8540,06/07/2026 00:00:00,1d9f3254,BK-02,SKM,30
72d9b100,06/07/2026 00:00:00,e4ee64c0,BMK-02,Nasi,100
41968922,06/07/2026 00:00:00,e4ee64c0,BMK-09,Minyak Goreng,10
146a1919,06/07/2026 00:00:00,e4ee64c0,BMK-10,Telur,1
3124f619,06/07/2026 00:00:00,e4ee64c0,BMK-01,Ayam,1
b679cb0b,06/07/2026 00:00:00,71a848d0,BK-01,Biji Kopi,18
e9f38e21,06/07/2026 00:00:00,71a848d0,BK-02,SKM,25
2e4afecc,06/07/2026 00:00:00,21092f73,BK-01,Biji Kopi,18
22d3a521,06/07/2026 00:00:00,21092f73,BK-02,SKM,25
dca222aa,06/07/2026 00:00:00,3fad9300,MB-01,Le Mineral,1
278531bd,06/07/2026 00:00:00,6c270fd4,BMK-07,Indomie Kuah,1
b0cd9a70,06/07/2026 00:00:00,6c270fd4,BMK-09,Minyak Goreng,10
b815e6fd,06/07/2026 00:00:00,6c270fd4,BMK-10,Telur,1
1cb977c9,06/08/2026 00:00:00,9b87520e,MB-01,Le Mineral,1
a8d29d10,06/08/2026 00:00:00,85c75003,BK-01,Biji Kopi,18
aa52a96e,06/08/2026 00:00:00,85c75003,BK-02,SKM,25
1493868d,06/08/2026 00:00:00,2adf21a3,BK-01,Biji Kopi,18
ef1ee553,06/08/2026 00:00:00,2adf21a3,BK-02,SKM,25
65127ba7,06/08/2026 00:00:00,8a4346fa,MB-01,Le Mineral,1
67fa2d43,06/09/2026 00:00:00,4295f123,MB-01,Le Mineral,1
b548e61c,06/09/2026 00:00:00,1b42cc05,BK-01,Biji Kopi,18
c2012108,06/09/2026 00:00:00,1b42cc05,BK-02,SKM,25
164f752f,06/09/2026 00:00:00,e87dfc3d,MB-01,Le Mineral,1
d0a7827e,06/09/2026 00:00:00,2ad182fb,BK-01,Biji Kopi,18
60a757fa,06/09/2026 00:00:00,2ad182fb,BK-02,SKM,25
5e96eac4,06/09/2026 00:00:00,0faa6c23,BK-01,Biji Kopi,18
2d586827,06/09/2026 00:00:00,0faa6c23,BK-02,SKM,25
f2a0184f,06/09/2026 00:00:00,9d8bb243,BK-01,Biji Kopi,18
60009cec,06/09/2026 00:00:00,c31aff79,BK-01,Biji Kopi,18
27468ae4,06/09/2026 00:00:00,c31aff79,BK-02,SKM,25
909f2f4a,06/09/2026 00:00:00,f9214a51,MB-02,Badak,1
5f65042c,06/10/2026 00:00:00,f5e54103,BK-01,Biji Kopi,18
e16ffa6e,06/10/2026 00:00:00,f5e54103,BK-02,SKM,25
143c1e8d,06/10/2026 00:00:00,642ca8e1,BK-01,Biji Kopi,18
45e092a6,06/10/2026 00:00:00,642ca8e1,BK-02,SKM,25
65a00627,06/10/2026 00:00:00,f1d8bcac,BK-01,Biji Kopi,18
9674a010,06/10/2026 00:00:00,f1d8bcac,BK-02,SKM,25
71486814,06/10/2026 00:00:00,88506d30,MB-01,Le Mineral,1
86522948,06/10/2026 00:00:00,890aa87d,MB-01,Le Mineral,1
87bd35d3,06/10/2026 00:00:00,922d36d8,BMK-07,Indomie Kuah,1
dbf7336d,06/10/2026 00:00:00,922d36d8,BMK-09,Minyak Goreng,10
1c01864c,06/10/2026 00:00:00,922d36d8,BMK-10,Telur,1
9e90d78c,06/11/2026 00:00:00,1c3948bd,MB-01,Le Mineral,1
2e7b934e,06/11/2026 00:00:00,5f5b9dad,BMK-08,Indomie Goreng,2
6ec9dcc8,06/11/2026 00:00:00,5f5b9dad,BMK-09,Minyak Goreng,10
00549bcf,06/11/2026 00:00:00,5f5b9dad,BMK-10,Telur,1
,,,,,
,,,,,
18028702,06/11/2026 00:00:00,a959b10e,BK-01,Biji Kopi,36
6f57dc47,06/11/2026 00:00:00,e1aee82f,BK-06,Teh,2
1790efd5,06/11/2026 00:00:00,e1aee82f,BK-04,Gula Putih,50
,,,,,
9bcf57e7,06/11/2026 00:00:00,75d47e20,BK-01,Biji Kopi,18
23f12b18,06/11/2026 00:00:00,75d47e20,BK-02,SKM,25
f12580f0,06/11/2026 00:00:00,c64fa1fe,BK-01,Biji Kopi,18
289206be,06/11/2026 00:00:00,c64fa1fe,BK-02,SKM,25
5e25b29d,06/11/2026 00:00:00,c6959b64,MB-02,Badak,1
242646de,06/12/2026 00:00:00,19939f7e,BK-01,Biji Kopi,18
48d79dc8,06/12/2026 00:00:00,19939f7e,BK-02,SKM,25
e974929e,06/12/2026 00:00:00,cd07ee06,BK-06,Teh,1
2ea3ecb6,06/12/2026 00:00:00,cd07ee06,BK-04,Gula Putih,25
ed6164e4,06/12/2026 00:00:00,77b1fb35,BK-01,Biji Kopi,18
a4d08254,06/12/2026 00:00:00,77b1fb35,BK-02,SKM,25
e041b353,06/12/2026 00:00:00,6c26ba83,BK-01,Biji Kopi,18
808fef13,06/12/2026 00:00:00,6c26ba83,BK-02,SKM,25
f19fadbd,06/12/2026 00:00:00,89d166f9,BK-01,Biji Kopi,18
b65e110f,06/12/2026 00:00:00,89d166f9,BK-02,SKM,25
b2ed20c9,06/13/2026 00:00:00,0a1441f2,BK-01,Biji Kopi,18
5f910425,06/13/2026 00:00:00,0a1441f2,BK-02,SKM,25
b46ac4c5,06/13/2026 00:00:00,2e2e5d46,MB-01,Le Mineral,1
d2f005f9,06/13/2026 00:00:00,64f6e1dd,MB-01,Le Mineral,1
fe6171d9,06/13/2026 00:00:00,16ca02ae,BK-01,Biji Kopi,18
7584f10f,06/13/2026 00:00:00,16ca02ae,BK-02,SKM,25
848a5d01,06/13/2026 00:00:00,8ade5fee,BMK-02,Nasi,100
ae99a780,06/13/2026 00:00:00,8ade5fee,BMK-09,Minyak Goreng,10
fe2516dc,06/13/2026 00:00:00,8ade5fee,BMK-10,Telur,1
4eff7e81,06/13/2026 00:00:00,8ade5fee,BMK-01,Ayam,1
43dd14da,06/13/2026 00:00:00,7bd49d26,BK-01,Biji Kopi,18
b59ecaf4,06/13/2026 00:00:00,7bd49d26,BK-02,SKM,25
1b1178c8,06/13/2026 00:00:00,6c21eaed,BK-01,Biji Kopi,18
35488235,06/13/2026 00:00:00,6c21eaed,BK-02,SKM,25
e0770939,06/13/2026 00:00:00,b29a5720,BK-01,Biji Kopi,18
a09f6119,06/13/2026 00:00:00,b29a5720,BK-02,SKM,25
ff0ca32e,06/13/2026 00:00:00,891c4267,BK-01,Biji Kopi,18
c83e6e1b,06/13/2026 00:00:00,891c4267,BK-02,SKM,25
8f75e902,06/13/2026 00:00:00,c41934f2,BK-06,Teh,1
d770fee2,06/13/2026 00:00:00,c41934f2,BK-04,Gula Putih,25
,,,,,
,,,,,
980f9f48,06/13/2026 00:00:00,805f7677,BK-01,Biji Kopi,18
c3e2014c,06/13/2026 00:00:00,805f7677,BK-02,SKM,25
8386b678,06/13/2026 00:00:00,f8633e80,MB-02,Badak,1
deacc7af,06/13/2026 00:00:00,a1ba0c46,MB-01,Le Mineral,1
9dcf5e4b,06/13/2026 00:00:00,ce84fa55,BK-01,Biji Kopi,18
ca6ed1e9,06/13/2026 00:00:00,ce84fa55,BK-02,SKM,25
1e2da99b,06/13/2026 00:00:00,01c8826b,MB-01,Le Mineral,1
1390a372,06/13/2026 00:00:00,8d7794e0,BK-01,Biji Kopi,18
199ce66e,06/13/2026 00:00:00,8d7794e0,BK-02,SKM,25
b0fea7ca,06/13/2026 00:00:00,bf9c3bcb,MB-01,Le Mineral,1
4a28a3fe,06/14/2026 00:00:00,91339966,BK-01,Biji Kopi,36
3dbef3ec,06/14/2026 00:00:00,91339966,BK-02,SKM,50
700332ac,06/14/2026 00:00:00,b76c7640,BK-01,Biji Kopi,18
67f54238,06/14/2026 00:00:00,b76c7640,BK-02,SKM,25
,,,,,
e51abf9a,06/14/2026 00:00:00,4d94e792,BK-01,Biji Kopi,18
620e7b59,06/14/2026 00:00:00,7e70a1b5,MB-02,Badak,1
dedba64a,06/14/2026 00:00:00,7e70a1b5,BK-02,SKM,30
3cbe3738,06/14/2026 00:00:00,e70f7707,BK-01,Biji Kopi,36
ecfcb4f4,06/14/2026 00:00:00,a896d3a8,BK-01,Biji Kopi,18
55c860e7,06/14/2026 00:00:00,a896d3a8,BK-02,SKM,25
0102945b,06/14/2026 00:00:00,38ee09c3,BK-01,Biji Kopi,36
c15c468b,06/14/2026 00:00:00,3f8ed5f6,MB-02,Badak,1
43270545,06/14/2026 00:00:00,7f195a87,BMK-06,Kentang,100
46380d72,06/14/2026 00:00:00,7f195a87,BMK-09,Minyak Goreng,10
f2906c82,06/14/2026 00:00:00,6f346e75,BK-01,Biji Kopi,18
ab8e370f,06/14/2026 00:00:00,6f346e75,BK-02,SKM,25
b209c453,06/14/2026 00:00:00,380dd5aa,BK-01,Biji Kopi,18
5d683a15,06/14/2026 00:00:00,380dd5aa,BK-02,SKM,25
0c844154,06/14/2026 00:00:00,b1cbb691,BMK-08,Indomie Goreng,1
88bf7765,06/14/2026 00:00:00,b1cbb691,BMK-09,Minyak Goreng,10
2d360835,06/14/2026 00:00:00,b1cbb691,BMK-10,Telur,1
78e3b8f4,06/15/2026 00:00:00,e54fa3df,BK-01,Biji Kopi,18
5106caf4,06/15/2026 00:00:00,e54fa3df,BK-02,SKM,25
d3fa8fb5,06/15/2026 00:00:00,7e1b8896,BK-01,Biji Kopi,18
14b113fc,06/15/2026 00:00:00,7e1b8896,BK-02,SKM,25
398c32bf,06/15/2026 00:00:00,59f105fc,BK-01,Biji Kopi,18
424fbeec,06/15/2026 00:00:00,59f105fc,BK-02,SKM,25
a83c22db,06/15/2026 00:00:00,484817c4,MB-01,Le Mineral,2
b8558ad0,06/16/2026 00:00:00,6c84959f,BK-06,Teh,1
0a467816,06/16/2026 00:00:00,6c84959f,BK-04,Gula Putih,25
49105040,06/16/2026 00:00:00,c26a9649,BK-01,Biji Kopi,18
e9a2798a,06/16/2026 00:00:00,c26a9649,BK-02,SKM,25
e7d47a2a,06/16/2026 00:00:00,6f063823,BK-01,Biji Kopi,18
8c79e6ca,06/16/2026 00:00:00,6f063823,BK-02,SKM,25
61ec2ff5,06/16/2026 00:00:00,a1c95cb0,MB-01,Le Mineral,1
50f3944a,06/16/2026 00:00:00,ff135e9b,BK-01,Biji Kopi,18
9d8f6d48,06/16/2026 00:00:00,ff135e9b,BK-02,SKM,25
edeaa130,06/16/2026 00:00:00,eab92234,BK-01,Biji Kopi,18
18f0c072,06/16/2026 00:00:00,eab92234,BK-02,SKM,25
3cad4ee0,06/16/2026 00:00:00,d3212d21,BK-01,Biji Kopi,18
8af5bd27,06/16/2026 00:00:00,f8057e34,BK-01,Biji Kopi,18
a22b3b96,06/16/2026 00:00:00,f8057e34,BK-02,SKM,25
f2fa22b6,06/16/2026 00:00:00,868b6806,MB-01,Le Mineral,1
895e85e2,06/16/2026 00:00:00,bc22d88f,BK-01,Biji Kopi,18
ef8a8787,06/16/2026 00:00:00,bc22d88f,BK-02,SKM,25
34c64d3b,06/16/2026 00:00:00,ae75d82c,BK-06,Teh,1
d40038e8,06/16/2026 00:00:00,ae75d82c,BK-04,Gula Putih,25
f55ccdd7,06/16/2026 00:00:00,4456bbe9,MB-02,Badak,1
10970f51,06/16/2026 00:00:00,8de820a7,MB-02,Badak,1
8768d44f,06/16/2026 00:00:00,8de820a7,BK-02,SKM,30
67d58976,06/16/2026 00:00:00,dabe3569,BK-01,Biji Kopi,18
34dc8ad6,06/16/2026 00:00:00,dabe3569,BK-02,SKM,25
45240f59,06/16/2026 00:00:00,150998a1,MB-02,Badak,1
,,,,,
c1e2fd68,06/16/2026 00:00:00,96d6737d,BK-01,Biji Kopi,18
76afd4a7,06/16/2026 00:00:00,96d6737d,BK-02,SKM,25
1f8e588c,06/16/2026 00:00:00,a4bf5281,BK-01,Biji Kopi,18
923785f9,06/16/2026 00:00:00,3e751d73,BK-01,Biji Kopi,18
4ff64544,06/16/2026 00:00:00,32b52fd2,BK-01,Biji Kopi,36
5aa94248,06/16/2026 00:00:00,32b52fd2,BK-02,SKM,50
bbe8cedd,06/17/2026 00:00:00,b1b7815a,BK-01,Biji Kopi,18
4d551080,06/17/2026 00:00:00,b1b7815a,BK-02,SKM,25
38e5b2d4,06/17/2026 00:00:00,68911209,BK-01,Biji Kopi,18
409de8b6,06/17/2026 00:00:00,68911209,BK-02,SKM,25
8d6785ff,06/17/2026 00:00:00,c7a276b6,BK-01,Biji Kopi,18
033dfbca,06/17/2026 00:00:00,c7a276b6,BK-02,SKM,25
1b6bd854,06/17/2026 00:00:00,9e26254d,MB-01,Le Mineral,1
98501392,06/18/2026 00:00:00,4e380ead,BK-01,Biji Kopi,18
894f8c58,06/18/2026 00:00:00,4e380ead,BK-02,SKM,25
358b57eb,06/18/2026 00:00:00,75fc6d2f,BK-01,Biji Kopi,18
42b2d4f8,06/18/2026 00:00:00,75fc6d2f,BK-02,SKM,25
8acda913,06/18/2026 00:00:00,a0e3e076,BK-01,Biji Kopi,18
633eeb86,06/18/2026 00:00:00,5c5bc722,BK-01,Biji Kopi,18
55d39f75,06/18/2026 00:00:00,5c5bc722,BK-02,SKM,25
9255e5fa,06/18/2026 00:00:00,5cc632e6,BK-06,Teh,1
6fb17623,06/18/2026 00:00:00,5cc632e6,BK-04,Gula Putih,25
baaced3e,06/18/2026 00:00:00,4de18cc5,BK-01,Biji Kopi,18
6890f6bd,06/18/2026 00:00:00,4de18cc5,BK-02,SKM,25
5405e2d2,06/18/2026 00:00:00,5e3fd2e3,MB-01,Le Mineral,1
6540e9cc,06/19/2026 00:00:00,2b603c46,BK-01,Biji Kopi,18
2caa22c8,06/19/2026 00:00:00,125a86dd,MB-02,Badak,1
edd7213e,06/20/2026 00:00:00,76762ee8,BMK-07,Indomie Kuah,1
47a5ed5b,06/20/2026 00:00:00,76762ee8,BMK-09,Minyak Goreng,10
17373d86,06/20/2026 00:00:00,76762ee8,BMK-10,Telur,1
563d9a2a,06/20/2026 00:00:00,59e3c872,BK-06,Teh,2
340d9139,06/20/2026 00:00:00,59e3c872,BK-04,Gula Putih,50
2e327c1a,06/20/2026 00:00:00,eaf9b1c7,BK-06,Teh,1
f3ce345f,06/20/2026 00:00:00,eaf9b1c7,BK-04,Gula Putih,25
2bdc1f49,06/20/2026 00:00:00,c84e55fc,BK-01,Biji Kopi,18
64ac90a9,06/20/2026 00:00:00,c84e55fc,BK-02,SKM,25
e2fbc2e8,06/20/2026 00:00:00,ab46a8d0,BK-01,Biji Kopi,18
71476365,06/20/2026 00:00:00,ab46a8d0,BK-02,SKM,25
f40d3586,06/20/2026 00:00:00,3be8e3a5,BK-01,Biji Kopi,18
731a24bf,06/20/2026 00:00:00,3be8e3a5,BK-02,SKM,25
52e3157b,06/20/2026 00:00:00,7ab465fd,BK-01,Biji Kopi,18
01cfa583,06/20/2026 00:00:00,7ab465fd,BK-02,SKM,25
4ccec5c2,06/20/2026 00:00:00,b8c9b6a5,MB-02,Badak,1
c154de29,06/20/2026 00:00:00,537d2375,BK-01,Biji Kopi,18
838e0cdb,06/20/2026 00:00:00,537d2375,BK-02,SKM,25
d6bf9df1,06/20/2026 00:00:00,595ee357,BK-01,Biji Kopi,18
a23807e3,06/20/2026 00:00:00,6cb102f7,BK-06,Teh,1
4bb71e01,06/20/2026 00:00:00,6cb102f7,BK-04,Gula Putih,25
f8e24dfd,06/20/2026 00:00:00,b8be7ad8,BMK-06,Kentang,100
4a753a2c,06/20/2026 00:00:00,b8be7ad8,BMK-09,Minyak Goreng,10
2b210e3f,06/20/2026 00:00:00,2d54c44f,BK-01,Biji Kopi,18
330688f3,06/20/2026 00:00:00,2d54c44f,BK-02,SKM,25
32035d66,06/20/2026 00:00:00,4b32a92f,BK-01,Biji Kopi,18
51fd54f1,06/20/2026 00:00:00,4b32a92f,BK-02,SKM,25
2990bada,06/20/2026 00:00:00,2019b2ac,MB-01,Le Mineral,1
c135d05b,06/21/2026 00:00:00,71cd3a31,BK-01,Biji Kopi,18
61902431,06/21/2026 00:00:00,684eae1f,BK-01,Biji Kopi,18
3d4a2135,06/21/2026 00:00:00,66680f9c,BK-01,Biji Kopi,18
b11d53eb,06/21/2026 00:00:00,66680f9c,BK-02,SKM,25
39d35125,06/21/2026 00:00:00,d51bc677,BK-01,Biji Kopi,18
a3af278b,06/21/2026 00:00:00,d51bc677,BK-02,SKM,25
f573d9de,06/21/2026 00:00:00,b3b04f27,MB-01,Le Mineral,1
320c5934,06/21/2026 00:00:00,84e2228f,BK-01,Biji Kopi,18
0b5f6d79,06/21/2026 00:00:00,acbda7a5,BK-01,Biji Kopi,18
f02d33e1,06/21/2026 00:00:00,acbda7a5,BK-02,SKM,25
a38fc533,06/21/2026 00:00:00,fadd94d3,BK-01,Biji Kopi,18
2db9fdb4,06/21/2026 00:00:00,fadd94d3,BK-02,SKM,25
a27d04b1,06/21/2026 00:00:00,f5e932e2,MB-01,Le Mineral,1
92ccae7b,06/21/2026 00:00:00,fbd79b26,BK-01,Biji Kopi,18
229a1089,06/21/2026 00:00:00,fbd79b26,BK-02,SKM,25
2bd067df,06/21/2026 00:00:00,6918165a,MB-02,Badak,1
da008139,06/21/2026 00:00:00,6918165a,BK-02,SKM,30
cb2d74a6,06/21/2026 00:00:00,29ca783a,BK-01,Biji Kopi,18
581ed3a4,06/21/2026 00:00:00,29ca783a,BK-02,SKM,25
5f901a9c,06/21/2026 00:00:00,cdb7e5d4,BK-01,Biji Kopi,36
5d31fe4c,06/21/2026 00:00:00,cdb7e5d4,BK-02,SKM,50
898610c3,06/21/2026 00:00:00,e99ef505,BK-06,Teh,1
760660cd,06/21/2026 00:00:00,e99ef505,BK-04,Gula Putih,25
182ad1d7,06/21/2026 00:00:00,d32dfb63,MB-02,Badak,2
41f034d1,06/21/2026 00:00:00,d32dfb63,BK-02,SKM,60
0768cfa7,06/21/2026 00:00:00,dc03698c,BK-01,Biji Kopi,36
0bcd5f23,06/21/2026 00:00:00,dc03698c,BK-02,SKM,50
b117e7f8,06/22/2026 00:00:00,45b17141,MB-01,Le Mineral,1
5c08c9f5,06/22/2026 00:00:00,073ae843,BK-06,Teh,1
b570bd1f,06/22/2026 00:00:00,073ae843,BK-04,Gula Putih,25
44459f7b,06/22/2026 00:00:00,b66f507f,BK-06,Teh,1
6d0bf5ca,06/22/2026 00:00:00,b66f507f,BK-04,Gula Putih,25
8419cea8,06/22/2026 00:00:00,7e3c50ba,BMK-07,Indomie Kuah,1
88725777,06/22/2026 00:00:00,7e3c50ba,BMK-09,Minyak Goreng,10
a60ea29e,06/22/2026 00:00:00,7e3c50ba,BMK-10,Telur,1
3ba732f6,06/22/2026 00:00:00,d0b5298a,BK-06,Teh,3
4745ae9d,06/22/2026 00:00:00,d0b5298a,BK-04,Gula Putih,75
,,,,,
,,,,,
,,,,,
65f7f569,06/22/2026 00:00:00,e4b8b29a,BMK-02,Nasi,100
c6ba76a4,06/22/2026 00:00:00,e4b8b29a,BMK-02,Nasi,100
3659a237,06/22/2026 00:00:00,e4b8b29a,BMK-09,Minyak Goreng,10
9f139ba9,06/22/2026 00:00:00,e4b8b29a,BMK-10,Telur,1
c002630c,06/22/2026 00:00:00,97e77d00,BMK-08,Indomie Goreng,1
50bce7fc,06/22/2026 00:00:00,97e77d00,BMK-09,Minyak Goreng,10
cf2e2b97,06/22/2026 00:00:00,97e77d00,BMK-10,Telur,1
49993628,06/22/2026 00:00:00,447b0279,BMK-07,Indomie Kuah,1
7e6377c8,06/22/2026 00:00:00,447b0279,BMK-09,Minyak Goreng,10
943ecc5f,06/22/2026 00:00:00,447b0279,BMK-10,Telur,1
a459a7d7,06/22/2026 00:00:00,f0c611bb,BK-01,Biji Kopi,18
1608534a,06/22/2026 00:00:00,f0c611bb,BK-02,SKM,25
4d753035,06/22/2026 00:00:00,a2b8537c,BK-01,Biji Kopi,18
3bb20a09,06/22/2026 00:00:00,a2b8537c,BK-02,SKM,25
9b1f20c7,06/22/2026 00:00:00,0598c5e1,BK-01,Biji Kopi,18
9d060b9f,06/22/2026 00:00:00,0598c5e1,BK-02,SKM,25
059b6cb1,06/22/2026 00:00:00,15c3f7ff,BMK-08,Indomie Goreng,2
b39a795e,06/22/2026 00:00:00,15c3f7ff,BMK-09,Minyak Goreng,20
2b33ff01,06/22/2026 00:00:00,15c3f7ff,BMK-10,Telur,2
45311c66,06/22/2026 00:00:00,742cf45b,BK-06,Teh,2
0f135374,06/22/2026 00:00:00,742cf45b,BK-04,Gula Putih,50
1b6b5161,06/23/2026 00:00:00,fea3ea61,BK-01,Biji Kopi,18
f5b54783,06/23/2026 00:00:00,5064b5a4,BK-06,Teh,1
b1a2ca8f,06/23/2026 00:00:00,5064b5a4,BK-04,Gula Putih,25
b099832b,06/23/2026 00:00:00,e91c30f0,BK-01,Biji Kopi,18
1c79e5bc,06/23/2026 00:00:00,e91c30f0,BK-02,SKM,25
26186699,06/23/2026 00:00:00,120a9c97,BK-01,Biji Kopi,18
d32b4649,06/23/2026 00:00:00,120a9c97,BK-02,SKM,25
a0c0dbdf,06/23/2026 00:00:00,05d96bea,BK-01,Biji Kopi,18
24045ac2,06/23/2026 00:00:00,05d96bea,BK-02,SKM,25
1f140fc2,06/23/2026 00:00:00,3a8599fa,BK-01,Biji Kopi,18
bfb8f15f,06/23/2026 00:00:00,d9586757,BK-06,Teh,1
c90eea06,06/23/2026 00:00:00,d9586757,BK-04,Gula Putih,25
e70feb6d,06/23/2026 00:00:00,79d3d412,MB-02,Badak,1
30602ecf,06/23/2026 00:00:00,8a724021,BK-01,Biji Kopi,18
da29eea9,06/23/2026 00:00:00,8a724021,BK-02,SKM,25
10e4de4f,06/24/2026 00:00:00,0d4f007c,BK-01,Biji Kopi,18
0833cd7d,06/24/2026 00:00:00,0d4f007c,BK-02,SKM,25
7f608ff0,06/25/2026 00:00:00,cc02d9b7,BK-01,Biji Kopi,18
0ed467af,06/25/2026 00:00:00,cc02d9b7,BK-02,SKM,25
c5baccd1,06/25/2026 00:00:00,83465f56,BK-01,Biji Kopi,18
8b43f61d,06/25/2026 00:00:00,be24297c,BK-01,Biji Kopi,18
1ea9ed6f,06/25/2026 00:00:00,ddfe37a8,MB-01,Le Mineral,1
7abdf231,06/25/2026 00:00:00,3e36fe5b,BK-01,Biji Kopi,18
d0421f58,06/25/2026 00:00:00,3e36fe5b,BK-02,SKM,25
e2ceff25,06/25/2026 00:00:00,f6475ad5,BK-01,Biji Kopi,18
63e34cc2,06/25/2026 00:00:00,f6475ad5,BK-02,SKM,25
8c120c65,06/25/2026 00:00:00,d8463004,MB-01,Le Mineral,1
2bdddee6,06/26/2026 00:00:00,00ab8c57,MB-02,Badak,1
1805dd50,06/26/2026 00:00:00,00ab8c57,BK-02,SKM,30
1d565673,06/26/2026 00:00:00,9ce6d66b,MB-01,Le Mineral,1
ba0173f2,06/26/2026 00:00:00,9fe6915e,BK-01,Biji Kopi,18
f7e52609,06/26/2026 00:00:00,9fe6915e,BK-02,SKM,25
b45c2783,06/26/2026 00:00:00,88db920b,BK-01,Biji Kopi,18
6975b91d,06/26/2026 00:00:00,88db920b,BK-02,SKM,25
ec474927,06/26/2026 00:00:00,0b8f146c,BK-01,Biji Kopi,18
698be607,06/26/2026 00:00:00,0b8f146c,BK-02,SKM,25
,,,,,
,,,,,
,,,,,
,,,,,
caff1ae2,06/26/2026 00:00:00,06a5b1a8,BK-01,Biji Kopi,36
acbbdfb7,06/26/2026 00:00:00,06a5b1a8,BK-02,SKM,50
2acb0269,06/26/2026 00:00:00,3f1e1e79,BMK-04,Nugget,100
c4017633,06/26/2026 00:00:00,3f1e1e79,BMK-09,Minyak Goreng,10
,,,,,
89c3f36b,06/26/2026 00:00:00,09bd9f94,BK-01,Biji Kopi,18
e62baf25,06/26/2026 00:00:00,09bd9f94,BK-02,SKM,25
409c1bcd,06/26/2026 00:00:00,dec95733,BK-01,Biji Kopi,18
c6f5c20f,06/26/2026 00:00:00,48712b08,MB-01,Le Mineral,1
6ed68a13,06/26/2026 00:00:00,1b0ca490,BK-01,Biji Kopi,36
6725eb91,06/26/2026 00:00:00,1b0ca490,BK-02,SKM,50
f4b490e0,06/26/2026 00:00:00,0113241e,MB-01,Le Mineral,1
c344a8ac,06/26/2026 00:00:00,25873d28,BMK-08,Indomie Goreng,1
c4ab0d8b,06/26/2026 00:00:00,25873d28,BMK-09,Minyak Goreng,10
ee47eeb0,06/26/2026 00:00:00,25873d28,BMK-10,Telur,1
bc4190b0,06/26/2026 00:00:00,e829c7bb,MB-01,Le Mineral,1
747abcfa,06/27/2026 00:00:00,b25c8b85,BK-01,Biji Kopi,18
c3a6c741,06/27/2026 00:00:00,b25c8b85,BK-02,SKM,25
ae8f605c,06/27/2026 00:00:00,970c4869,BK-01,Biji Kopi,18
9021884f,06/27/2026 00:00:00,970c4869,BK-02,SKM,25
bdabaf25,06/27/2026 00:00:00,32bbe18d,MB-01,Le Mineral,1
7f1902d0,06/27/2026 00:00:00,6a4c7d01,BK-01,Biji Kopi,18
588b7905,06/27/2026 00:00:00,6a4c7d01,BK-02,SKM,25
948f5466,06/27/2026 00:00:00,d5352510,BK-01,Biji Kopi,18
ba18921b,06/27/2026 00:00:00,d5352510,BK-02,SKM,25
cd503b99,06/27/2026 00:00:00,9f4b9099,BK-01,Biji Kopi,18
32885c05,06/27/2026 00:00:00,9f4b9099,BK-02,SKM,25
32b9a1f7,06/27/2026 00:00:00,d1f2bd56,MB-01,Le Mineral,1
a492e12f,06/27/2026 00:00:00,8764c9ab,BK-01,Biji Kopi,18
9543d952,06/27/2026 00:00:00,f2e83895,BMK-02,Nasi,100
650a5ca9,06/27/2026 00:00:00,f2e83895,BMK-02,Nasi,100
6486acdc,06/27/2026 00:00:00,f2e83895,BMK-09,Minyak Goreng,10
07962d0a,06/27/2026 00:00:00,f2e83895,BMK-10,Telur,1
dfcbb55d,06/28/2026 00:00:00,5bd1bfc0,BK-01,Biji Kopi,18
6471ad59,06/28/2026 00:00:00,5bd1bfc0,BK-02,SKM,25
ebf2f834,06/28/2026 00:00:00,f7bf183e,MB-02,Badak,1
69ab0d63,06/28/2026 00:00:00,bbdb5cb2,BK-01,Biji Kopi,18
37251445,06/28/2026 00:00:00,a8a0d7ef,BMK-02,Nasi,100
6e6b3a43,06/28/2026 00:00:00,a8a0d7ef,BMK-09,Minyak Goreng,10
dbfcb0b8,06/28/2026 00:00:00,a8a0d7ef,BMK-10,Telur,1
c5fb6586,06/28/2026 00:00:00,3f08c62a,BK-01,Biji Kopi,18
0b796176,06/28/2026 00:00:00,3f08c62a,BK-02,SKM,25
5c90194b,06/28/2026 00:00:00,b2f59618,MB-02,Badak,1
c39367f0,06/28/2026 00:00:00,8919cc85,MB-02,Badak,1
ed9269e6,06/28/2026 00:00:00,c1891a14,BK-01,Biji Kopi,18
74712734,06/28/2026 00:00:00,b40365f1,BK-01,Biji Kopi,18
03d9a20c,06/28/2026 00:00:00,b40365f1,BK-02,SKM,25
869ea485,06/28/2026 00:00:00,3ce6ddf8,BK-01,Biji Kopi,18
c71f6309,06/28/2026 00:00:00,3ce6ddf8,BK-02,SKM,25
66a410e6,06/28/2026 00:00:00,38891301,BK-01,Biji Kopi,18
77f92be6,06/28/2026 00:00:00,38891301,BK-02,SKM,25
d1465e88,06/29/2026 00:00:00,68775380,BK-01,Biji Kopi,18
64ae1bad,06/29/2026 00:00:00,68775380,BK-02,SKM,25
f1089f54,06/29/2026 00:00:00,e6b2ef51,MB-01,Le Mineral,1
d36c9890,06/29/2026 00:00:00,89322aa0,BK-01,Biji Kopi,18
45481ff2,06/29/2026 00:00:00,23fe428d,BK-01,Biji Kopi,18
0ec29c4a,06/29/2026 00:00:00,23fe428d,BK-02,SKM,25
e3ed569e,06/29/2026 00:00:00,f04966d2,MB-01,Le Mineral,2
7e2b2608,06/29/2026 00:00:00,67e78aaf,BK-01,Biji Kopi,18
8dce68c1,06/29/2026 00:00:00,67e78aaf,BK-02,SKM,25
fc338969,06/29/2026 00:00:00,a836410f,BK-06,Teh,2
48fc9747,06/29/2026 00:00:00,a836410f,BK-04,Gula Putih,50
0eb41aa6,06/29/2026 00:00:00,3bc6412e,BK-01,Biji Kopi,18
595e6f4d,06/29/2026 00:00:00,3bc6412e,BK-02,SKM,25
0351bb5b,06/29/2026 00:00:00,8f61f017,MB-01,Le Mineral,1
9b8c4e6e,06/30/2026 00:00:00,09bb8396,MB-02,Badak,1
a7978c89,06/30/2026 00:00:00,27c07b91,MB-01,Le Mineral,1
9528cda6,06/30/2026 00:00:00,c47c8b23,BK-01,Biji Kopi,18
2b86c2fc,06/30/2026 00:00:00,c47c8b23,BK-02,SKM,25
a9b3b6db,06/30/2026 00:00:00,8e9ee154,BK-01,Biji Kopi,18
8167dd5a,07/01/2026 00:00:00,ddd85e6e,MB-01,Le Mineral,1
7ff0d2bf,07/01/2026 00:00:00,8aaa23c7,BK-01,Biji Kopi,18
4ffcb778,07/01/2026 00:00:00,8aaa23c7,BK-02,SKM,25
5df1bacb,07/01/2026 00:00:00,db2fc557,BK-01,Biji Kopi,18
8979baa3,07/01/2026 00:00:00,86646ff0,MB-02,Badak,1
c5f587ec,07/01/2026 00:00:00,d39872f7,BK-01,Biji Kopi,18
5d532907,07/01/2026 00:00:00,ba2d469b,MB-01,Le Mineral,1
786882ae,07/01/2026 00:00:00,f83df15c,BK-01,Biji Kopi,36
b7cb8dcf,07/01/2026 00:00:00,ce643faf,MB-02,Badak,1
b27f2d3f,07/01/2026 00:00:00,6ee28010,BK-01,Biji Kopi,18
46d24afa,07/01/2026 00:00:00,6ee28010,BK-02,SKM,25
b21dba6a,07/02/2026 00:00:00,5121e62a,MB-01,Le Mineral,1
8655cf7f,07/02/2026 00:00:00,210b01f6,BK-01,Biji Kopi,18
ef3d4a8c,07/02/2026 00:00:00,210b01f6,BK-02,SKM,25
9dc50bad,07/02/2026 00:00:00,0f620f94,BK-01,Biji Kopi,18
c9d4e979,07/02/2026 00:00:00,0f620f94,BK-02,SKM,25
be51a1f2,07/02/2026 00:00:00,3e15dd3f,BK-01,Biji Kopi,18
7caa07b4,07/02/2026 00:00:00,3e15dd3f,BK-02,SKM,25
c7e17b88,07/02/2026 00:00:00,64ac8f00,BK-01,Biji Kopi,18
81bebc37,07/02/2026 00:00:00,64ac8f00,BK-02,SKM,25
d1485e4b,07/02/2026 00:00:00,17dfa0bc,MB-02,Badak,2
b4165ee0,07/02/2026 00:00:00,17dfa0bc,BK-02,SKM,60
,,,,,
,,,,,
3b05cd3b,07/02/2026 00:00:00,ee22e608,BK-06,Teh,1
5e626e55,07/02/2026 00:00:00,ee22e608,BK-04,Gula Putih,25
a1078e7d,07/02/2026 00:00:00,1dc27b18,BK-01,Biji Kopi,18
9a3a0881,07/02/2026 00:00:00,1dc27b18,BK-02,SKM,25
e8520298,07/02/2026 00:00:00,38497a5c,MB-02,Badak,1
4925b82c,07/02/2026 00:00:00,38497a5c,BK-02,SKM,30
76cdcd2b,07/02/2026 00:00:00,4d0263a8,MB-01,Le Mineral,1
1e3ffc49,07/02/2026 00:00:00,80337192,MB-01,Le Mineral,1
3d0db9ea,07/03/2026 00:00:00,33858266,BK-06,Teh,2
30402f76,07/03/2026 00:00:00,33858266,BK-04,Gula Putih,50
95b45fb4,07/03/2026 00:00:00,9997c935,BK-01,Biji Kopi,18
f93ae8f9,07/03/2026 00:00:00,9997c935,BK-02,SKM,25
4d9505f8,07/03/2026 00:00:00,2f9479d9,BK-01,Biji Kopi,18
b87f3cb7,07/03/2026 00:00:00,2f9479d9,BK-02,SKM,25
39e67fbb,07/03/2026 00:00:00,8aaedf56,BK-01,Biji Kopi,18
0dff6c3d,07/03/2026 00:00:00,8aaedf56,BK-02,SKM,25
19578b64,07/03/2026 00:00:00,3ddf7b80,BK-01,Biji Kopi,18
40d84091,07/03/2026 00:00:00,3ddf7b80,BK-02,SKM,25
d076f8f2,07/03/2026 00:00:00,6f9bf153,MB-02,Badak,1
f57f297a,07/03/2026 00:00:00,190f7e4b,BK-01,Biji Kopi,18
97ce2a2a,07/03/2026 00:00:00,190f7e4b,BK-02,SKM,25
959d14a9,07/03/2026 00:00:00,a7bcecd4,BMK-08,Indomie Goreng,1
517c6bf1,07/03/2026 00:00:00,a7bcecd4,BMK-09,Minyak Goreng,10
be0af478,07/03/2026 00:00:00,a7bcecd4,BMK-10,Telur,1
81ef9773,07/03/2026 00:00:00,c4db02a7,MB-01,Le Mineral,1
300fbaee,07/03/2026 00:00:00,f748e61a,BMK-07,Indomie Kuah,1
e29251fb,07/03/2026 00:00:00,f748e61a,BMK-09,Minyak Goreng,10
bacbffdb,07/03/2026 00:00:00,f748e61a,BMK-10,Telur,1
9c1719d3,07/03/2026 00:00:00,54f8cc7d,MB-01,Le Mineral,1
22962b26,07/03/2026 00:00:00,c17675cb,MB-01,Le Mineral,2
ed980a6d,07/03/2026 00:00:00,fe21d9b1,MB-02,Badak,1
1d8447ac,07/03/2026 00:00:00,5c196e49,BK-01,Biji Kopi,18
ced0e11d,07/03/2026 00:00:00,5c196e49,BK-02,SKM,25
4722c005,07/04/2026 00:00:00,cf5f8964,MB-01,Le Mineral,1
08d751c5,07/04/2026 00:00:00,4c90f436,BK-01,Biji Kopi,18
c3353c33,07/04/2026 00:00:00,4c90f436,BK-02,SKM,25
65677806,07/04/2026 00:00:00,e13082f4,BK-01,Biji Kopi,18
ae3f4b1b,07/04/2026 00:00:00,e13082f4,BK-02,SKM,25
b6fe8b1a,07/04/2026 00:00:00,ac4a2288,BMK-08,Indomie Goreng,1
b89e3a84,07/04/2026 00:00:00,ac4a2288,BMK-09,Minyak Goreng,10
82c3acfc,07/04/2026 00:00:00,ac4a2288,BMK-10,Telur,1
630df893,07/04/2026 00:00:00,af438fec,MB-01,Le Mineral,1
fb1990e3,07/04/2026 00:00:00,49887b14,MB-01,Le Mineral,1
ae3995b7,07/04/2026 00:00:00,e3986eef,BMK-05,Sosis,4
f598c4e7,07/04/2026 00:00:00,e3986eef,BMK-09,Minyak Goreng,10
9f257ef4,07/04/2026 00:00:00,a24d1337,BK-01,Biji Kopi,18
06c18a16,07/04/2026 00:00:00,a24d1337,BK-02,SKM,25
5830d732,07/04/2026 00:00:00,380247d0,BK-01,Biji Kopi,36
8780af6c,07/04/2026 00:00:00,380247d0,BK-02,SKM,50
d312c534,07/04/2026 00:00:00,54e53da9,MB-02,Badak,1
2b128bc5,07/04/2026 00:00:00,29adbd21,MB-01,Le Mineral,1
d8151fdd,07/04/2026 00:00:00,b26dceb1,BK-01,Biji Kopi,18
097bb544,07/04/2026 00:00:00,b26dceb1,BK-02,SKM,25
7bf9e0c4,07/04/2026 00:00:00,e337c554,BK-01,Biji Kopi,18
7af93360,07/04/2026 00:00:00,e337c554,BK-02,SKM,25
3e2d58b4,07/04/2026 00:00:00,5452b6a9,BK-06,Teh,1
4ca21b9a,07/04/2026 00:00:00,5452b6a9,BK-04,Gula Putih,25
4c4f75a0,07/04/2026 00:00:00,9d09bc2f,MB-01,Le Mineral,1
23d07143,07/05/2026 00:00:00,442aa93a,BK-01,Biji Kopi,18
97709da8,07/05/2026 00:00:00,4c2ea24e,MB-01,Le Mineral,2
85839f17,07/05/2026 00:00:00,7012c277,BK-01,Biji Kopi,18
3b4e97f8,07/05/2026 00:00:00,729af2f3,BK-01,Biji Kopi,18
9023fa69,07/05/2026 00:00:00,309d8d52,BK-01,Biji Kopi,18
4458f455,07/05/2026 00:00:00,309d8d52,BK-02,SKM,25
e6bd55c2,07/05/2026 00:00:00,11b28a1b,BK-01,Biji Kopi,18
045e613f,07/05/2026 00:00:00,11b28a1b,BK-02,SKM,25
77121dbd,07/05/2026 00:00:00,219276f2,BK-01,Biji Kopi,18
f235967f,07/05/2026 00:00:00,219276f2,BK-02,SKM,25
31f907be,07/05/2026 00:00:00,925c7fc8,MB-01,Le Mineral,1
f7b35557,07/05/2026 00:00:00,115a65a4,MB-01,Le Mineral,1
aeec6fcf,07/05/2026 00:00:00,223c6354,BK-01,Biji Kopi,18
40b9f440,07/05/2026 00:00:00,77bcf9ef,BK-01,Biji Kopi,18
9cab797a,07/05/2026 00:00:00,77bcf9ef,BK-02,SKM,25
8a4df2b8,07/06/2026 00:00:00,54f10e99,MB-02,Badak,1
9b774187,07/06/2026 00:00:00,20f3d93a,BK-01,Biji Kopi,18
7239182f,07/06/2026 00:00:00,20f3d93a,BK-02,SKM,25
13206008,07/06/2026 00:00:00,77dcd956,MB-01,Le Mineral,1
c8faa716,07/06/2026 00:00:00,4145aeda,BK-06,Teh,1
9ee8813f,07/06/2026 00:00:00,4145aeda,BK-04,Gula Putih,25
4a24ea10,07/06/2026 00:00:00,3c909fb2,MB-02,Badak,1
bd244498,07/06/2026 00:00:00,3c909fb2,BK-02,SKM,30
c0adbe06,07/06/2026 00:00:00,a53b9d36,MB-02,Badak,1
275b5dda,07/06/2026 00:00:00,21532d58,MB-02,Badak,1
a2e7d645,07/06/2026 00:00:00,44ca0654,MB-01,Le Mineral,1
89be2987,07/06/2026 00:00:00,502d951a,BMK-07,Indomie Kuah,2
c430f5a7,07/06/2026 00:00:00,502d951a,BMK-09,Minyak Goreng,10
f8c35ea3,07/06/2026 00:00:00,502d951a,BMK-10,Telur,1
6312b99d,07/06/2026 00:00:00,ca9a2a41,BK-01,Biji Kopi,18
424281b4,07/06/2026 00:00:00,ca9a2a41,BK-02,SKM,25
91bb5708,07/06/2026 00:00:00,f7c16572,BMK-07,Indomie Kuah,1
8cfdd122,07/06/2026 00:00:00,f7c16572,BMK-09,Minyak Goreng,10
53a39af3,07/06/2026 00:00:00,f7c16572,BMK-10,Telur,1
092a1b40,07/06/2026 00:00:00,6550243c,BK-01,Biji Kopi,18
6a06ee1b,07/06/2026 00:00:00,6550243c,BK-02,SKM,25
96c8a333,07/06/2026 00:00:00,77f57c0c,BK-01,Biji Kopi,18
5d44bb96,07/06/2026 00:00:00,77f57c0c,BK-02,SKM,25
9d22334a,07/06/2026 00:00:00,40a5a25e,BK-01,Biji Kopi,18
95f39ac4,07/06/2026 00:00:00,40a5a25e,BK-02,SKM,25
5da7bf40,07/06/2026 00:00:00,f54ab007,MB-01,Le Mineral,1
8288d3d4,07/06/2026 00:00:00,0e4ee986,MB-01,Le Mineral,1
8ebe5670,07/06/2026 00:00:00,0b7ae126,BK-01,Biji Kopi,18
8b2f1765,07/06/2026 00:00:00,0b7ae126,BK-02,SKM,25
4c5d7aee,07/06/2026 00:00:00,e50c05b8,BK-01,Biji Kopi,18
02795e7f,07/06/2026 00:00:00,e50c05b8,BK-02,SKM,25
8716a5b7,07/06/2026 00:00:00,211bd8a6,BK-06,Teh,1
59e44c40,07/06/2026 00:00:00,211bd8a6,BK-04,Gula Putih,25
51cfcbbd,07/06/2026 00:00:00,1a656c4d,BMK-07,Indomie Kuah,1
c94ab72b,07/06/2026 00:00:00,1a656c4d,BMK-09,Minyak Goreng,10
d4620b07,07/06/2026 00:00:00,1a656c4d,BMK-10,Telur,1
2c0ba3c4,07/07/2026 00:00:00,c26ebd9e,BK-01,Biji Kopi,18
8693c94f,07/07/2026 00:00:00,b1b75d57,MB-01,Le Mineral,1
37c2cec7,07/07/2026 00:00:00,de2e9785,BK-01,Biji Kopi,18
92164162,07/07/2026 00:00:00,52f31960,BK-06,Teh,1
638f870d,07/07/2026 00:00:00,52f31960,BK-04,Gula Putih,25
e23811c5,07/07/2026 00:00:00,12dc5458,BMK-05,Sosis,4
a56496a3,07/07/2026 00:00:00,12dc5458,BMK-09,Minyak Goreng,10
717400b3,07/07/2026 00:00:00,30e1f2bc,BK-06,Teh,3
f60b6573,07/07/2026 00:00:00,30e1f2bc,BK-04,Gula Putih,75
b7ff6992,07/07/2026 00:00:00,16926aac,BMK-08,Indomie Goreng,2
33c175c5,07/07/2026 00:00:00,16926aac,BMK-09,Minyak Goreng,20
18ae94ea,07/07/2026 00:00:00,16926aac,BMK-10,Telur,2
0aeba5dd,07/07/2026 00:00:00,85bc4600,BK-06,Teh,1
4748022f,07/07/2026 00:00:00,85bc4600,BK-04,Gula Putih,25
7be32532,07/07/2026 00:00:00,26660ca5,MB-01,Le Mineral,1
6e21e11c,07/07/2026 00:00:00,317edf32,BK-01,Biji Kopi,18
5d344c00,07/07/2026 00:00:00,317edf32,BK-02,SKM,25
08d03ed3,07/07/2026 00:00:00,7de411e5,BK-01,Biji Kopi,18
986bd130,07/07/2026 00:00:00,7de411e5,BK-02,SKM,25
03c42d5c,07/07/2026 00:00:00,1f916b40,BK-01,Biji Kopi,18
20332233,07/07/2026 00:00:00,1f916b40,BK-02,SKM,25
781474fd,07/08/2026 00:00:00,20725c4d,BK-01,Biji Kopi,18
d0935b55,07/08/2026 00:00:00,20725c4d,BK-02,SKM,25
ee638220,07/08/2026 00:00:00,05c16074,BK-01,Biji Kopi,18
7d63acb7,07/08/2026 00:00:00,05c16074,BK-02,SKM,25
e1ab257a,07/08/2026 00:00:00,562c04dd,MB-02,Badak,1
58a0000b,07/08/2026 00:00:00,ecedd89d,BK-01,Biji Kopi,18
1438728e,07/08/2026 00:00:00,ecedd89d,BK-02,SKM,25
fecd0fb3,07/09/2026 00:00:00,0aa3dce4,MB-01,Le Mineral,1
735bc7d1,07/09/2026 00:00:00,beb5b614,BK-01,Biji Kopi,18
ad12221f,07/09/2026 00:00:00,beb5b614,BK-02,SKM,25
cf7225af,07/09/2026 00:00:00,6bc4219b,BK-01,Biji Kopi,36
c88f34b6,07/09/2026 00:00:00,6d22f34b,MB-02,Badak,1
e21786f8,07/10/2026 00:00:00,fafa4ef7,BK-01,Biji Kopi,18
43de99bf,07/10/2026 00:00:00,5e16bdfa,MB-01,Le Mineral,1
c3ff6fd7,07/10/2026 00:00:00,8a4d5df5,BK-01,Biji Kopi,18
bafd9084,07/10/2026 00:00:00,8a4d5df5,BK-02,SKM,25
c509beee,07/10/2026 00:00:00,dd6768f3,MB-02,Badak,1
0ae6b42d,07/10/2026 00:00:00,b6534582,MB-01,Le Mineral,1
37489c38,07/10/2026 00:00:00,74ef2215,MB-01,Le Mineral,1
d0f3efe4,07/10/2026 00:00:00,1b6c6ec7,BMK-02,Nasi,100
774f5106,07/10/2026 00:00:00,1b6c6ec7,BMK-09,Minyak Goreng,10
e142da5f,07/10/2026 00:00:00,1b6c6ec7,BMK-10,Telur,1
0d0cf57e,07/10/2026 00:00:00,40259bd2,BK-01,Biji Kopi,18
554921c5,07/11/2026 00:00:00,738ffb1e,BK-01,Biji Kopi,18
4cc6c1c4,07/11/2026 00:00:00,32088bb2,MB-01,Le Mineral,1
d108b674,07/11/2026 00:00:00,630c2f46,BK-01,Biji Kopi,18
5da9b600,07/11/2026 00:00:00,630c2f46,BK-02,SKM,25
44e1cb0c,07/11/2026 00:00:00,14bd680f,BK-01,Biji Kopi,18
55edf6a2,07/11/2026 00:00:00,14bd680f,BK-02,SKM,25
c685c9ea,07/11/2026 00:00:00,3dd8b617,MB-02,Badak,1
39efa88b,07/11/2026 00:00:00,3dd8b617,BK-02,SKM,30
560c8f89,07/11/2026 00:00:00,9b7f2a05,BK-01,Biji Kopi,18
d7a58d9c,07/11/2026 00:00:00,9b7f2a05,BK-02,SKM,25
db0bc6b5,07/11/2026 00:00:00,58117ae1,MB-01,Le Mineral,2
ca54ee48,07/11/2026 00:00:00,0c1d0959,BK-06,Teh,1
a69fcd39,07/11/2026 00:00:00,0c1d0959,BK-04,Gula Putih,25
e744674d,07/11/2026 00:00:00,e05b82c3,BK-01,Biji Kopi,18
74fd4bc0,07/11/2026 00:00:00,e05b82c3,BK-02,SKM,25
a7aaf027,07/11/2026 00:00:00,f590a75c,BK-01,Biji Kopi,18
bc7de099,07/11/2026 00:00:00,6e9d9885,BK-01,Biji Kopi,18
88837444,07/11/2026 00:00:00,6e9d9885,BK-02,SKM,25
295c0853,07/11/2026 00:00:00,3858a8aa,BK-01,Biji Kopi,18
f509ca40,07/11/2026 00:00:00,4c8668b8,BK-01,Biji Kopi,18
46243520,07/11/2026 00:00:00,2123c33e,BK-01,Biji Kopi,18
100250ad,07/11/2026 00:00:00,2123c33e,BK-02,SKM,25
fc3ea281,07/12/2026 00:00:00,51500aff,BK-01,Biji Kopi,18
fc033d10,07/12/2026 00:00:00,51500aff,BK-02,SKM,25
658a1b17,07/12/2026 00:00:00,fa78b2ce,MB-02,Badak,1
5ad96dc2,07/12/2026 00:00:00,d319bff9,BK-06,Teh,1
58d465c3,07/12/2026 00:00:00,d319bff9,BK-04,Gula Putih,25
10d98b33,07/12/2026 00:00:00,c9bbfe92,MB-02,Badak,1
8e6c1c2c,07/12/2026 00:00:00,c9bbfe92,BK-02,SKM,30
63a49891,07/12/2026 00:00:00,6d9e5951,BK-01,Biji Kopi,18
2c237ac2,07/12/2026 00:00:00,6d9e5951,BK-02,SKM,25
f5db6fae,07/12/2026 00:00:00,f22c0244,BK-01,Biji Kopi,18
c8bb943b,07/12/2026 00:00:00,f22c0244,BK-02,SKM,25
a0be20c0,07/12/2026 00:00:00,d9ee730e,BK-01,Biji Kopi,18
c950f96b,07/12/2026 00:00:00,d9ee730e,BK-02,SKM,25
0a6889e5,07/12/2026 00:00:00,ba39da79,BK-01,Biji Kopi,18
d99ee276,07/12/2026 00:00:00,ba39da79,BK-02,SKM,25
fb68e3e0,07/12/2026 00:00:00,f37bcd41,MB-01,Le Mineral,1
99d1dbc5,07/12/2026 00:00:00,1526d866,BK-01,Biji Kopi,18
4ad83e89,07/12/2026 00:00:00,8711ec50,BK-01,Biji Kopi,18
fb12a5ea,07/12/2026 00:00:00,8711ec50,BK-02,SKM,25
f9c9b59c,07/12/2026 00:00:00,932b8e22,BK-01,Biji Kopi,18
f02f8a0f,07/12/2026 00:00:00,932b8e22,BK-02,SKM,25
51c05b37,07/12/2026 00:00:00,e318fd61,MB-01,Le Mineral,1
36d523f1,07/13/2026 00:00:00,c23c0d66,BK-01,Biji Kopi,18
d9f2df65,07/13/2026 00:00:00,891efc00,BK-01,Biji Kopi,18
808c8b16,07/13/2026 00:00:00,87d8e5a0,BK-01,Biji Kopi,18
c83dd270,07/13/2026 00:00:00,87d8e5a0,BK-02,SKM,25
cab9abbb,07/13/2026 00:00:00,fa5502c4,BK-01,Biji Kopi,18
af6fe924,07/13/2026 00:00:00,fa5502c4,BK-02,SKM,25
3b1b508d,07/13/2026 00:00:00,2b3a4ea3,MB-02,Badak,1
519917d8,07/13/2026 00:00:00,919c2a27,BK-01,Biji Kopi,18
b94394b8,07/13/2026 00:00:00,7bb779b8,BK-01,Biji Kopi,36
d621e72f,07/13/2026 00:00:00,c4680eff,MB-01,Le Mineral,1
6e9a348c,07/13/2026 00:00:00,e30e924b,BK-06,Teh,1
3791ab18,07/13/2026 00:00:00,e30e924b,BK-04,Gula Putih,25
816b108a,07/14/2026 00:00:00,1d8ca058,BK-06,Teh,1
21a48651,07/14/2026 00:00:00,1d8ca058,BK-04,Gula Putih,25
df2e549c,07/14/2026 00:00:00,87f8dd75,MB-01,Le Mineral,1
a8c9b570,07/14/2026 00:00:00,de9c7cff,BK-06,Teh,1
cb48cb73,07/14/2026 00:00:00,de9c7cff,BK-04,Gula Putih,25
d06bdce2,07/14/2026 00:00:00,b186182a,BK-01,Biji Kopi,18
db3a9d25,07/14/2026 00:00:00,c9352000,MB-02,Badak,1
fd4d09a9,07/14/2026 00:00:00,d6c3b04d,MB-01,Le Mineral,1
a4356a5c,07/14/2026 00:00:00,8e9b3c4c,BK-01,Biji Kopi,18
792d7aa6,07/14/2026 00:00:00,8e9b3c4c,BK-02,SKM,25
b9a33961,07/14/2026 00:00:00,92ed1d35,BK-01,Biji Kopi,18
93ac354d,07/14/2026 00:00:00,7f8e89a6,BK-06,Teh,1
bd23c615,07/14/2026 00:00:00,7f8e89a6,BK-04,Gula Putih,25
724d2cb0,07/14/2026 00:00:00,1610f2d9,BK-01,Biji Kopi,18
b2f5670d,07/14/2026 00:00:00,1610f2d9,BK-02,SKM,25
21bce7d6,07/15/2026 00:00:00,f91f9daf,BK-01,Biji Kopi,18
15eaf56f,07/15/2026 00:00:00,f91f9daf,BK-02,SKM,25
217eec4f,07/15/2026 00:00:00,2b371f0e,BK-01,Biji Kopi,18
990e751e,07/15/2026 00:00:00,2b371f0e,BK-02,SKM,25
1d4e5243,07/15/2026 00:00:00,a38db879,MB-01,Le Mineral,1
df76d6e1,07/15/2026 00:00:00,00bdb222,MB-01,Le Mineral,1
d0cf8920,07/15/2026 00:00:00,bd7cae0f,BK-01,Biji Kopi,18
29ca93a3,07/15/2026 00:00:00,bd7cae0f,BK-02,SKM,25
8a010898,07/15/2026 00:00:00,2ef72deb,BMK-08,Indomie Goreng,1
574c52b9,07/15/2026 00:00:00,2ef72deb,BMK-09,Minyak Goreng,10
0d763292,07/15/2026 00:00:00,2ef72deb,BMK-10,Telur,1
9fe9803d,07/15/2026 00:00:00,24427c38,BMK-08,Indomie Goreng,1
76d81814,07/15/2026 00:00:00,24427c38,BMK-09,Minyak Goreng,10
8837ef48,07/15/2026 00:00:00,24427c38,BMK-10,Telur,1
4714a3e9,07/15/2026 00:00:00,0290a6be,BK-01,Biji Kopi,18
e1a9dc7c,07/15/2026 00:00:00,47d4f7cd,BK-01,Biji Kopi,18
14d0fcd9,07/15/2026 00:00:00,47d4f7cd,BK-02,SKM,25
24edb58e,07/15/2026 00:00:00,43470757,BK-01,Biji Kopi,18
a287ecee,07/16/2026 00:00:00,dd1e6063,BK-01,Biji Kopi,18
1e51aa97,07/16/2026 00:00:00,dd1e6063,BK-02,SKM,25
b8b33dab,07/17/2026 00:00:00,771684d6,MB-01,Le Mineral,1
ae11f0a5,07/17/2026 00:00:00,f77f8418,BK-01,Biji Kopi,18
bfb3bcf8,07/17/2026 00:00:00,f77f8418,BK-02,SKM,25
8fd78d1e,07/17/2026 00:00:00,052c9e1f,BK-01,Biji Kopi,18
18f3b324,07/17/2026 00:00:00,052c9e1f,BK-02,SKM,25
3dd9e418,07/17/2026 00:00:00,3f0ec846,BK-01,Biji Kopi,18
656de908,07/17/2026 00:00:00,731749ae,BK-06,Teh,1
207100a6,07/17/2026 00:00:00,731749ae,BK-04,Gula Putih,25
d2961bb2,07/17/2026 00:00:00,7d76f922,MB-02,Badak,2
e9dd0b2a,07/17/2026 00:00:00,7d76f922,BK-02,SKM,60
3101b1c4,07/17/2026 00:00:00,a517518e,MB-01,Le Mineral,1
922bc837,07/18/2026 00:00:00,cefd71c1,BK-01,Biji Kopi,18
6dd0c354,07/18/2026 00:00:00,33b5ec38,BK-01,Biji Kopi,36
1c3c6a6f,07/18/2026 00:00:00,bc6739d0,MB-02,Badak,1
163aa22b,07/18/2026 00:00:00,bc6739d0,BK-02,SKM,30
5877f09e,07/18/2026 00:00:00,711cc239,MB-02,Badak,1
d7f21ef5,07/18/2026 00:00:00,711cc239,BK-02,SKM,30
d57793b8,07/18/2026 00:00:00,bd585c54,BK-01,Biji Kopi,18
e6f83d7d,07/18/2026 00:00:00,9d52e963,BK-01,Biji Kopi,18
46c89c23,07/18/2026 00:00:00,f8203609,MB-02,Badak,1
f9a9df7c,07/19/2026 00:00:00,547cb510,BK-01,Biji Kopi,18
62d07744,07/19/2026 00:00:00,547cb510,BK-02,SKM,25
634946ae,07/19/2026 00:00:00,369f21cb,BK-01,Biji Kopi,18
db6a988e,07/19/2026 00:00:00,369f21cb,BK-02,SKM,25
890afb93,07/19/2026 00:00:00,a0c16111,MB-01,Le Mineral,1
756b3965,07/19/2026 00:00:00,7fa092ae,BK-01,Biji Kopi,36
59b301ba,07/19/2026 00:00:00,7fa092ae,BK-02,SKM,50
2b41fc0e,07/19/2026 00:00:00,a370f1b2,MB-02,Badak,1
f5f0d00b,07/19/2026 00:00:00,a370f1b2,BK-02,SKM,30
c11394c5,07/19/2026 00:00:00,cf61c8ad,BK-06,Teh,1
de75e63f,07/19/2026 00:00:00,cf61c8ad,BK-04,Gula Putih,25
f4245e5a,07/19/2026 00:00:00,f9450199,MB-02,Badak,3
623a95c7,07/19/2026 00:00:00,f9450199,BK-02,SKM,90
71feddcb,07/19/2026 00:00:00,c5605a71,MB-02,Badak,1
6aee568d,07/19/2026 00:00:00,23b18e00,MB-02,Badak,1
e9c5f0c5,07/19/2026 00:00:00,4fca54a5,BK-01,Biji Kopi,36
f2e04227,07/19/2026 00:00:00,4fca54a5,BK-02,SKM,50
1e6940be,07/19/2026 00:00:00,ba91ae13,BK-06,Teh,2
7e49e857,07/19/2026 00:00:00,ba91ae13,BK-04,Gula Putih,50
46cc851d,07/20/2026 00:00:00,cb163879,MB-02,Badak,1
87f89c09,07/20/2026 00:00:00,5577fe63,BK-01,Biji Kopi,18
43b261c6,07/20/2026 00:00:00,5577fe63,BK-02,SKM,25
e50d6d9f,07/20/2026 00:00:00,df0189c1,MB-01,Le Mineral,1
aaac4955,07/20/2026 00:00:00,50b28f9a,BK-01,Biji Kopi,18
3ce55fa1,07/20/2026 00:00:00,50b28f9a,BK-02,SKM,25
c02046fd,07/20/2026 00:00:00,b62b8506,MB-02,Badak,1
1da946c3,07/20/2026 00:00:00,7feea691,BK-01,Biji Kopi,36
6550723f,07/20/2026 00:00:00,7feea691,BK-02,SKM,50
291934b7,07/20/2026 00:00:00,e77a4802,BK-01,Biji Kopi,18
884bf1c6,07/20/2026 00:00:00,e77a4802,BK-02,SKM,25
9733902a,07/21/2026 00:00:00,21f351ad,MB-02,Badak,1
0726ffc0,07/21/2026 00:00:00,d363be34,BK-01,Biji Kopi,18
dcf5d206,07/21/2026 00:00:00,d363be34,BK-02,SKM,25
93fa9124,07/21/2026 00:00:00,287f8b6b,BK-01,Biji Kopi,18
79eb8431,07/21/2026 00:00:00,287f8b6b,BK-02,SKM,25
8f761e35,07/21/2026 00:00:00,c5fe9b03,BK-01,Biji Kopi,18
22467f72,07/21/2026 00:00:00,c5fe9b03,BK-02,SKM,25
1b1f5327,07/21/2026 00:00:00,bc6ffd75,MB-01,Le Mineral,1
555d80bd,07/21/2026 00:00:00,348cc2b3,BK-01,Biji Kopi,18
bb3511ba,07/21/2026 00:00:00,348cc2b3,BK-02,SKM,25
298d274d,07/21/2026 00:00:00,f1f5df11,BK-01,Biji Kopi,18
98198d26,07/21/2026 00:00:00,f1f5df11,BK-02,SKM,25
0d0645d6,07/21/2026 00:00:00,97897c4e,BK-01,Biji Kopi,36
eda33f01,07/21/2026 00:00:00,97897c4e,BK-02,SKM,50
51ed1d7b,07/21/2026 00:00:00,9202593a,BK-01,Biji Kopi,18
8182318c,07/21/2026 00:00:00,9202593a,BK-02,SKM,25
045b6259,07/21/2026 00:00:00,57770420,MB-01,Le Mineral,1
9f664267,07/21/2026 00:00:00,e80ba131,MB-02,Badak,1
ffea9b1b,07/21/2026 00:00:00,8414c6f2,BK-06,Teh,1
17dcbdca,07/21/2026 00:00:00,8414c6f2,BK-04,Gula Putih,25
904cbb80,07/22/2026 00:00:00,77ed4a14,BK-01,Biji Kopi,18
fb7d9d02,07/22/2026 00:00:00,1666f06d,BK-01,Biji Kopi,36
9139d081,07/22/2026 00:00:00,1666f06d,BK-02,SKM,50
153f59d6,07/22/2026 00:00:00,33887683,BK-06,Teh,4
4691d0ab,07/22/2026 00:00:00,33887683,BK-04,Gula Putih,100
dfe64679,07/23/2026 00:00:00,34ce0ed5,MB-02,Badak,1
adf36243,07/23/2026 00:00:00,1559eff1,BK-01,Biji Kopi,18
d3188cda,07/23/2026 00:00:00,fc196f36,BK-01,Biji Kopi,18
6c723cce,07/23/2026 00:00:00,fc196f36,BK-02,SKM,25
4d1276ad,07/23/2026 00:00:00,79a166d2,BK-06,Teh,1
c478675c,07/23/2026 00:00:00,79a166d2,BK-04,Gula Putih,25
7ad6b306,07/23/2026 00:00:00,8a0d8683,BK-01,Biji Kopi,18
45bcee3a,07/23/2026 00:00:00,307c27d8,BK-01,Biji Kopi,18
9fbd0054,07/23/2026 00:00:00,307c27d8,BK-02,SKM,25
3c35af29,07/23/2026 00:00:00,e28fd4d4,MB-01,Le Mineral,1
3cf83c38,07/23/2026 00:00:00,ccaf2eec,BK-01,Biji Kopi,18
1d107ded,07/23/2026 00:00:00,794280c7,BK-01,Biji Kopi,18
aa271bdb,07/23/2026 00:00:00,18fe8e12,BMK-08,Indomie Goreng,1
1d6cc102,07/23/2026 00:00:00,18fe8e12,BMK-09,Minyak Goreng,10
3db56b0d,07/23/2026 00:00:00,18fe8e12,BMK-10,Telur,1