ID_Pengeluaran,no,Tanggal,Jam,Nama Pengeluaran,Jenis,Kategori,Jumlah,Apakah Stok?,ID Bahan Baku,Qty
c70c7bda,1,17/04/2026,17.39.23,Es batu,Pengeluaran Cafe,,5000,,,
bd0605d8,2,18/04/2026,08.09.14,Bayar sampah,Pengeluaran,,50000,,,
b928f007,3,18/04/2026,16.11.29,Es kristal,Pengeluaran Cafe,,10000,,,
2846900a,4,18/04/2026,16.12.30,Susu,Pengeluaran Cafe,,43500,,,
e1fee2bf,5,18/04/2026,16.13.32,Pelunasan faktur bon,Pengeluaran,,150000,,,
39893302,6,18/04/2026,17.41.39,Ongkir biji kopi,Pengeluaran Cafe,,17000,,,
780d3e9c,7,19/04/2026,13.53.12,Es kristal,Pengeluaran Cafe,,5000,,,
4736a285,8,19/04/2026,13.53.40,Badak,Pengeluaran Cafe,,135000,,,
22de585c,9,19/04/2026,13.54.00,Minyak wak udin,Pengeluaran,,15000,,,
7867979b,10,20/04/2026,13.07.50,Es kristal,Pengeluaran Cafe,,5000,,,
1d9d6d30,11,20/04/2026,13.08.10,Le mineral,Pengeluaran Cafe,,46000,,,
ba3e56fe,12,21/04/2026,08.51.24,Es kristal,Pengeluaran Cafe,,5000,,,
3243ff70,13,21/04/2026,08.51.32,Galon air,Pengeluaran Cafe,,30000,,,
4995f8b6,14,22/04/2026,09.12.55,Es kristal,Pengeluaran Cafe,,5000,,,
d024e9d4,15,22/04/2026,10.25.40,Vicky,Casbon,,30000,,,
ebf988d8,16,22/04/2026,14.32.08,Ongkir biji kopi & fresh milk,Pengeluaran Cafe,,18000,,,
66c00290,17,22/04/2026,15.08.57,Belanja bahan dapur,Pengeluaran Cafe,,46000,,,
206d5efc,18,22/04/2026,15.17.14,Andaliman,Pengeluaran Cafe,,5000,,,
8f4b6ab7,19,22/04/2026,15.41.30,Cetekkan,Pengeluaran,,95000,,,
185c022a,20,22/04/2026,15.42.24,Minyak wak udin,Pengeluaran,,10000,,,
faf6e2e7,21,23/04/2026,08.37.46,Es kristal,Pengeluaran Cafe,,5000,,,
839fbbed,22,23/04/2026,19.10.56,Rahman,Casbon,,20000,,,
879b68b8,23,24/04/2026,10.17.28,Es kristal,Pengeluaran Cafe,,5000,,,
20c6978a,24,24/04/2026,10.17.45,Oli & baut,Pengeluaran Carwash,,56000,,,
551540eb,25,24/04/2026,10.59.01,Rahman,Casbon,,30000,,,
cbe739b7,26,24/04/2026,13.24.36,Bagus,Casbon,,30000,,,
82360696,27,24/04/2026,16.10.14,Kawat las,Pengeluaran,,65000,,,
5d3d969f,28,24/04/2026,16.10.26,Paku,Pengeluaran,,10000,,,
e1e6be06,29,25/04/2026,17.13.33,Es kristal,Pengeluaran Cafe,,10000,,,
490eecb0,30,25/04/2026,10.11.30,Pipa dĺl,Pengeluaran Carwash,,55000,,,
08f62695,31,25/04/2026,17.13.39,Lebih qr,Pengeluaran,,55000,,,
636d0399,32,25/04/2026,18.01.54,Eza,Casbon,,30000,,,
5f73215f,33,25/04/2026,19.34.52,Fery,Casbon,,100000,,,
7aa77f0e,34,26/04/2026,12.20.56,Es kristal,Pengeluaran Cafe,,10000,,,
09d3b47a,35,26/04/2026,09.23.07,Skm,Pengeluaran Cafe,,30000,,,
1644ea3b,36,26/04/2026,10.43.32,Teh celup,Pengeluaran Cafe,,16000,,,
3a63eae5,37,26/04/2026,12.21.01,Stp & sabun,Pengeluaran Carwash,,165000,,,
633210da,38,26/04/2026,12.32.58,Rahman,Casbon,,20000,,,
db28b6ec,39,26/04/2026,13.50.54,Baterai,Pengeluaran,,30000,,,
57f5bef6,40,26/04/2026,14.56.40,Badak,Pengeluaran Cafe,,135000,,,
5dcf8028,41,26/04/2026,14.56.58,Minyak wak udin,Pengeluaran,,15000,,,
daf46088,42,26/04/2026,18.01.34,Vicky,Casbon,,30000,,,
0a169a34,43,27/04/2026,17.03.26,Es kristal,Pengeluaran Cafe,,10000,,,
f0281de7,44,27/04/2026,12.42.58,Foto copy,Pengeluaran Carwash,,5000,,,
362cab15,45,27/04/2026,12.43.24,Ambil cash,Pengeluaran,,30000,,,
b6b1bd4f,46,27/04/2026,16.10.20,Bayar Segala tempe,Pengeluaran,,84000,,,
6e59c599,47,27/04/2026,17.03.32,Pipa,Pengeluaran,,40000,,,
c0564ff3,48,27/04/2026,17.53.50,Noval,Casbon,,30000,,,
a5898991,49,27/04/2026,18.15.30,Ongkos kopi,Pengeluaran Cafe,,20000,,,
a552a781,50,27/04/2026,18.18.23,Rahman,Casbon,,30000,,,
c0d44ae8,51,27/04/2026,19.03.01,Tisu 1 dus,Pengeluaran Carwash,,260000,,,
cf31de7a,52,28/04/2026,08.06.44,Ambil cash,Pengeluaran,,10000,,,
fbb76350,53,28/04/2026,13.29.49,Es kristal,Pengeluaran Cafe,,10000,,,
2b94edcd,54,28/04/2026,09.32.27,Galon,Pengeluaran Cafe,,30000,,,
46615282,55,28/04/2026,09.32.41,Le mineral,Pengeluaran Cafe,,46000,,,
a3188ee8,56,28/04/2026,10.35.48,Rahman,Casbon,,30000,,,
4a75e5cc,57,28/04/2026,10.58.14,EZA,Casbon,,20000,,,
46f808df,58,28/04/2026,17.50.43,Mama lemon,Pengeluaran Cafe,,10000,,,
0f12de70,59,29/04/2026,09.34.08,Es kristal,Pengeluaran Cafe,,5000,,,
abe6a0e2,60,29/04/2026,09.34.23,Rahman,Casbon,,30000,,,
dced63a3,61,29/04/2026,09.40.04,Skm,Pengeluaran Cafe,,45000,,,
c8b929bb,62,29/04/2026,10.59.21,EZA,Casbon,,20000,,,
7f30bc2e,63,29/04/2026,18.04.25,Noval,Casbon,,30000,,,
11bbf604,64,29/04/2026,18.04.53,Fery,Casbon,,30000,,,
36d3262b,65,30/04/2026,08.41.55,Es kristal,Pengeluaran Cafe,,5000,,,
bc28cd5e,66,30/04/2026,10.25.54,RAHMAN,Casbon,,30000,,,
85c4673e,67,30/04/2026,12.14.11,Perbaiki vakum,Pengeluaran Carwash,,60000,,,
51f9c366,68,30/04/2026,12.28.52,FAISAL,Casbon,,30000,,,
669abb72,70,30/04/2026,14.37.03,EZA,Casbon,,5000,,,
7fdd0a10,71,30/04/2026,18.31.01,Angga,Casbon,,100000,,,
9ffddbb8,72,30/04/2026,19.41.53,EZA,Casbon,,10000,,,
692446c1,73,01/05/2026,08.51.28,Es kristal,Pengeluaran Cafe,,5000,,,
3aba59c1,74,01/05/2026,11.15.58,RAHMAN,Casbon,,20000,,,
424ad02f,75,01/05/2026,14.38.30,Bagus,Casbon,,30000,,,
7bffc95e,76,02/05/2026,09.36.03,Es kristal,Pengeluaran Cafe,,5000,,,
97c0cd39,77,02/05/2026,12.03.17,Teh bendera,Pengeluaran Cafe,,6000,,,
bd1ea5eb,78,03/05/2026,08.20.43,Es kristal,Pengeluaran Cafe,,5000,,,
bb90af16,79,04/05/2026,10.50.42,Es kristal,Pengeluaran Cafe,,5000,,,
abea288f,80,04/05/2026,10.54.22,Sabun,Pengeluaran Cafe,,85000,,,
4f602c95,81,04/05/2026,15.14.45,Ngeprint & lakban,Pengeluaran,,61000,,,
00f82b70,82,04/05/2026,11.57.31,Nasi bg yazid,Pengeluaran,,17000,,,
b1f426e9,83,04/05/2026,15.17.45,Sapu & sikat,Pengeluaran,,15000,,,
e78db3b5,84,05/05/2026,10.05.28,Es batu,Pengeluaran Cafe,,5000,,,
39bd1932,85,05/05/2026,17.39.45,Eza,Casbon,,50000,,,
6970bd0a,86,05/05/2026,18.21.43,Print,Pengeluaran,,1000,,,
82118a2c,87,05/05/2026,20.04.20,Fery,Casbon,,100000,,,
88efe77d,88,06/05/2026,09.01.26,Es,Pengeluaran Cafe,,5000,,,
a40cadcf,89,06/05/2026,09.01.38,Gula,Pengeluaran Cafe,,18500,,,
447c04b7,90,07/05/2026,09.16.50,Es kristal,Pengeluaran Cafe,,5000,,,
0baaec64,91,07/05/2026,09.17.03,Galon,Pengeluaran Cafe,,30000,,,
7799b6b9,92,07/05/2026,13.54.59,EZA,Casbon,,10000,,,
626b993c,93,07/05/2026,17.58.48,Nopal,Casbon,,30000,,,
50ece633,94,08/05/2026,08.36.19,Es kristal,Pengeluaran Cafe,,5000,,,
7ced6a86,95,08/05/2026,08.36.47,Foto copy,Pengeluaran Carwash,,5000,,,
bbf8f20b,96,09/05/2026,08.28.57,Print menu,Pengeluaran Cafe,,18000,,,
0b0de682,97,09/05/2026,08.43.47,Es kristal,Pengeluaran Cafe,,5000,,,
5737f8e9,98,09/05/2026,09.22.14,RAHMAN,Casbon,,100000,,,
fb1ff1da,99,09/05/2026,11.18.18,Skm,Pengeluaran Cafe,,45000,,,
a29b9c43,100,09/05/2026,11.18.47,Sarung tangan,Pengeluaran Carwash,,8000,,,
3325551a,101,09/05/2026,12.14.02,Ongkir kopi,Pengeluaran Cafe,,18000,,,
fe709a1b,102,09/05/2026,12.55.43,Teh,Pengeluaran Cafe,,6000,,,
52b6388e,103,09/05/2026,16.56.37,Bayar angga 10,Pengeluaran,,10000,,,
95fad191,104,09/05/2026,18.44.19,VICKY,Casbon,,200000,,,
4bcf6091,105,09/05/2026,18.47.35,Fery,Casbon,,100000,,,
2a665476,106,10/05/2026,09.01.32,Es kristal,Pengeluaran Cafe,,5000,,,
23132edd,107,10/05/2026,13.32.02,Cuter,Pengeluaran,,1500,,,
09405ea8,108,10/05/2026,14.14.05,Minyak,Pengeluaran Cafe,,23500,,,
f880fcf2,109,10/05/2026,17.51.56,Bayar angga 12,Pengeluaran,,12000,,,
b7d588f5,109,11/05/2026,08.48.36,Es batu,Pengeluaran Cafe,,5000,,,
a0c6d027,110,11/05/2026,10.29.47,Ayam cabe bawang,Pengeluaran Cafe,,68000,,,
0ba3ceba,111,11/05/2026,10.31.48,Jeruk nipis,Pengeluaran Cafe,,3000,,,
979711b5,112,11/05/2026,11.20.51,Tepung,Pengeluaran Cafe,,7000,,,
441b7c54,113,11/05/2026,14.05.40,Bagus,Casbon,,30000,,,
01d72d40,114,11/05/2026,16.01.21,Sabun,Pengeluaran Carwash,,85000,,,
0cd3726c,115,12/05/2026,08.59.07,Es batu,Pengeluaran Cafe,,5000,FALSE,,
5b88818a,116,12/05/2026,10.22.32,Raka,Casbon,,16000,,,
4d5418d9,117,12/05/2026,11.47.34,Cabe,Pengeluaran Cafe,,5000,FALSE,,
fd4731f3,118,12/05/2026,11.47.48,Tomat,Pengeluaran Cafe,,2000,FALSE,,
47731ff0,119,12/05/2026,11.48.04,Terasi,Pengeluaran Cafe,,1000,FALSE,,
093aa5e8,120,12/05/2026,11.48.17,Racik,Pengeluaran Cafe,,2000,FALSE,,
a0bf8782,121,12/05/2026,11.48.30,Maizena,Pengeluaran Cafe,,7000,FALSE,,
6e71c64f,122,12/05/2026,12.42.58,Belanja Badak,Pengeluaran Cafe,,135000,TRUE,MB-02,24
a50c7ea7,123,12/05/2026,12.44.29,Belanja Le Mineral,Pengeluaran Cafe,,48000,TRUE,MB-01,24
cd2c2166,124,12/05/2026,12.44.46,Minyak wak udin,Pengeluaran,,10000,,,
7c37099f,125,12/05/2026,12.51.24,Rondap,Pengeluaran,,5000,,,
2bc9b29a,126,12/05/2026,13.08.41,Bumbu,Pengeluaran Cafe,,3000,FALSE,,
58f9590d,127,12/05/2026,13.08.56,Telur,Pengeluaran Cafe,,8000,FALSE,,
fb820680,128,12/05/2026,13.10.24,Mie,Pengeluaran Cafe,,12000,FALSE,,
96d95093,129,12/05/2026,17.53.23,Kotak tisu,Pengeluaran Carwash,,700000,,,
02d259fa,130,12/05/2026,18.14.58,NOPAL,Casbon,,50000,,,
d1a7ea95,131,12/05/2026,18.15.48,Faisal,Casbon,,50000,,,
4aa0b7ee,132,13/05/2026,09.36.38,Esbatu,Pengeluaran Cafe,,5000,FALSE,,
22d32c17,133,13/05/2026,12.24.07,Angga,Casbon,,50000,,,
19b34ae8,134,13/05/2026,14.52.55,Esbatu,Pengeluaran Cafe,,5000,FALSE,,
88a3b148,135,13/05/2026,15.01.39,Sunlight,Pengeluaran,,9000,,,
0f71e47e,136,13/05/2026,16.18.40,Infaq,Pengeluaran,,60000,,,
f47c79fe,137,14/05/2026,09.10.51,Es batu,Pengeluaran Cafe,,5000,FALSE,,
b3f92430,138,14/05/2026,11.56.36,Safa,Casbon,,12000,,,
a2c1ae6e,139,14/05/2026,13.25.59,Lebih qris,Pengeluaran,,10000,,,
a0cfada2,140,15/05/2026,09.47.30,Es batu,Pengeluaran Cafe,,5000,FALSE,,
cdbd4437,141,15/05/2026,10.38.18,Angga,Casbon,,100000,,,
062126ff,142,15/05/2026,11.39.14,Galon,Pengeluaran Cafe,,30000,FALSE,,
9fbfdc84,143,15/05/2026,14.15.27,Ongkir biji kopi,Pengeluaran,,20000,,,
ee4bf525,144,15/05/2026,15.20.07,Bayar vacum,Pengeluaran,,25000,,,
808ab8a7,145,16/05/2026,11.02.19,Es batu,Pengeluaran Cafe,,5000,FALSE,,
61a3f4ed,146,16/05/2026,11.54.51,EZA,Casbon,,60000,,,
fda44635,147,16/05/2026,14.43.09,Sampah,Pengeluaran,,50000,,,
8473676b,148,16/05/2026,17.39.52,Selotip pipa,Pengeluaran,,5000,,,
52f5371e,149,17/05/2026,09.59.07,Es batu,Pengeluaran Cafe,,5000,FALSE,,
cbf041b2,150,17/05/2026,09.59.21,Belanja Gula Putih,Pengeluaran Cafe,,19000,TRUE,BK-04,1
33a2f68f,151,17/05/2026,13.21.09,Saklar,Pengeluaran,,60000,,,
7f43c0e4,152,17/05/2026,13.21.41,Minyak wak udin,Pengeluaran,,10000,,,
ca28834d,153,17/05/2026,15.17.02,Bayar tukang,Pengeluaran,,200000,,,
dfc5964c,154,17/05/2026,17.54.55,Lebih qris,Pengeluaran,,10000,,,
f08496e8,155,17/05/2026,17.58.33,Qris lebih,Pengeluaran,,5000,,,
1225c59f,156,17/05/2026,18.07.26,FERRY,Casbon,,100000,,,
636eaecf,157,18/05/2026,09.35.00,Es batu,Pengeluaran Cafe,,5000,FALSE,,
3ae69a17,158,18/05/2026,12.24.17,Ayam,Pengeluaran Cafe,,102000,FALSE,,
f1105683,159,18/05/2026,12.24.32,Cabe merah,Pengeluaran Cafe,,8000,FALSE,,
402f570d,160,18/05/2026,12.24.52,Rawit,Pengeluaran Cafe,,10000,FALSE,,
d65df45d,161,18/05/2026,12.25.06,Bawang putih,Pengeluaran Cafe,,4000,FALSE,,
5aeb47cf,162,18/05/2026,12.25.32,Bawang merah,Pengeluaran Cafe,,13000,FALSE,,
6ef087fc,163,18/05/2026,12.27.00,Tomat,Pengeluaran Cafe,,5000,FALSE,,
53fae13f,164,18/05/2026,12.27.19,Terasi,Pengeluaran Cafe,,3000,FALSE,,
b8efebfe,165,18/05/2026,12.27.51,Selada,Pengeluaran Cafe,,3000,FALSE,,
1654a8bf,166,18/05/2026,12.28.16,Timun,Pengeluaran Cafe,,5000,FALSE,,
1462fb33,167,18/05/2026,12.28.40,Bumbu ungkep,Pengeluaran Cafe,,5000,FALSE,,
37fe6445,168,18/05/2026,12.29.17,Kemiri,Pengeluaran Cafe,,2000,FALSE,,
c5c511e3,169,18/05/2026,12.29.28,Bawang putih bubuk,Pengeluaran Cafe,,3000,FALSE,,
5e7e1370,170,18/05/2026,15.20.48,Minyak makan,Pengeluaran Cafe,,6000,FALSE,,
e5d8867f,171,19/05/2026,09.27.59,Es batu,Pengeluaran Cafe,,5000,FALSE,,
e071b3d9,172,19/05/2026,11.52.49,Eza,Casbon,,30000,,,
8126dad6,173,19/05/2026,15.52.51,Safa,Casbon,,5000,,,
aab7cf96,174,20/05/2026,13.24.05,Es batu,Pengeluaran Cafe,Operasional,5000,FALSE,,
99b62eee,175,20/05/2026,10.12.48,Anak hekter,Pengeluaran Cafe,Operasional,2000,FALSE,,
36f097bf,176,20/05/2026,10.48.18,Eza,Casbon,Casbon,15000,,,
523e134f,177,20/05/2026,12.57.47,RAHMAN,Casbon,Casbon,100000,,,
ea1c9277,178,20/05/2026,13.37.20,Es batu,Pengeluaran Cafe,Operasional,5000,FALSE,,
224f9f2e,179,21/05/2026,09.22.10,Es batu,Pengeluaran Cafe,Operasional,5000,FALSE,,
089c82d8,180,21/05/2026,09.29.28,Selada,Pengeluaran Cafe,Operasional,5000,FALSE,,
c99b141d,181,21/05/2026,10.54.08,RAHMAN,Casbon,Casbon,100000,,,
5b1869a2,182,21/05/2026,11.24.10,Eza,Casbon,Casbon,10000,,,
133a9ced,183,21/05/2026,15.43.47,Es batu,Pengeluaran Cafe,Operasional,5000,FALSE,,
5278deb6,184,21/05/2026,15.44.08,Minyak wak udin,Pengeluaran,Operasional,12000,,,
758235f4,185,21/05/2026,15.44.38,Belanja Badak,Pengeluaran Cafe,Bahan Baku,135000,TRUE,MB-02,24
9320092a,186,21/05/2026,15.45.24,Belanja Le Mineral,Pengeluaran Cafe,Bahan Baku,48000,TRUE,MB-01,24
3f0a3f0c,187,21/05/2026,18.10.16,FERRY,Casbon,Casbon,100000,,,
dcb8a338,188,21/05/2026,18.11.43,Eza,Casbon,Casbon,50000,,,
0a9ca266,189,22/05/2026,08.49.33,Es batu,Pengeluaran Cafe,Operasional,10000,FALSE,,
5a52dea1,190,22/05/2026,08.49.46,Belanja Gula Putih,Pengeluaran Cafe,Bahan Baku,20000,TRUE,BK-04,1000
33763ec6,191,22/05/2026,08.54.49,Mama lemon,Pengeluaran Cafe,Operasional,10000,FALSE,,
e5c614d7,192,22/05/2026,09.21.26,Belanja Teh,Pengeluaran Cafe,Bahan Baku,7000,TRUE,BK-06,1
f6761d45,193,22/05/2026,09.21.39,Beras,Pengeluaran Cafe,Bahan Baku,158000,FALSE,,
5de9068e,194,22/05/2026,13.45.32,Sarung tangan,Pengeluaran Carwash,Barang,60000,,,
684f8913,195,22/05/2026,15.33.57,Bagus,Casbon,Casbon,30000,,,
4f9c7c4d,196,22/05/2026,16.27.31,Print menu,Pengeluaran,Operasional,100000,,,
bc638536,197,22/05/2026,17.58.12,NOPAL,Casbon,Casbon,50000,,,
29b8e45b,198,22/05/2026,17.58.54,Lebih qris,Pengeluaran,Operasional,40000,,,
06c67e84,199,22/05/2026,18.09.54,Bayar kipas,Pengeluaran,Operasional,350000,,,
94223611,200,23/05/2026,19.11.35,Bg raka,Casbon,Casbon,40000,,,
dd26860b,201,23/05/2026,15.54.09,Galon,Pengeluaran Cafe,Operasional,30000,FALSE,,
b3efa2a7,202,24/05/2026,08.51.46,Es batu,Pengeluaran Cafe,Operasional,10000,FALSE,,
461f06b1,203,24/05/2026,08.52.00,Foto copy kertas antrian,Pengeluaran Carwash,Operasional,5000,,,
bae300f7,204,24/05/2026,14.54.37,Safa,Casbon,Casbon,20000,,,
8f300519,205,25/05/2026,08.48.24,Belanja SKM,Pengeluaran Cafe,Bahan Baku,45000,TRUE,BK-02,3
91619ca6,206,25/05/2026,09.46.21,Racik,Pengeluaran Cafe,Operasional,2000,FALSE,,
5418001e,207,25/05/2026,09.46.58,Bumbu nasi goreng,Pengeluaran Cafe,Bahan Baku,5000,FALSE,,
0a0f89ec,208,25/05/2026,11.09.21,Sabun,Pengeluaran Carwash,Operasional,85000,,,
f164dc37,209,25/05/2026,11.56.29,Silikon oil,Pengeluaran Carwash,Operasional,80000,,,
5ca1c1e4,210,25/05/2026,18.09.40,Bg raka,Pengeluaran Carwash,Operasional,10000,,,
77628d33,211,25/05/2026,15.23.40,Faisal,Casbon,Casbon,20000,,,
de6d7de8,212,25/05/2026,18.01.54,Ongkir biji kopi,Pengeluaran Cafe,Bahan Baku,19000,TRUE,BK-01,1
b571c9a1,213,25/05/2026,18.09.58,Angga,Casbon,Casbon,150000,,,
664a8b84,214,25/05/2026,18.14.04,Vicky,Casbon,Casbon,100000,,,
62cbb0ae,215,26/05/2026,08.47.38,Es batu,Pengeluaran Cafe,Operasional,5000,FALSE,,
01a0bb56,216,26/05/2026,10.05.14,Bagus,Casbon,Casbon,100000,,,
ae3f07e2,217,26/05/2026,12.07.22,Nopal,Casbon,Casbon,50000,,,
42446d9e,218,26/05/2026,17.14.01,Ferri,Casbon,Casbon,100000,,,
c3688f5a,219,26/05/2026,17.24.49,Safa,Casbon,Casbon,200000,,,
c108a23a,220,29/05/2026,08.15.39,Es batu,Pengeluaran Cafe,Operasional,5000,FALSE,,
59f65705,221,29/05/2026,11.46.57,Belanja Gula Putih,Pengeluaran Cafe,Bahan Baku,18500,TRUE,BK-04,1
97094ac0,222,29/05/2026,12.58.54,Angga,Casbon,Casbon,50000,,,
208eaff9,223,29/05/2026,16.23.17,Minyak,Pengeluaran Cafe,Bahan Baku,21000,FALSE,,
0bc5fe36,224,29/05/2026,18.00.46,Kopi om igoy,Pengeluaran,Barang,19000,,,
bce0c945,225,30/05/2026,08.54.02,Es batu,Pengeluaran Cafe,Operasional,10000,FALSE,,
269bd880,226,30/05/2026,09.09.25,Sedotan,Pengeluaran Cafe,Barang,30000,FALSE,,
57745438,227,30/05/2026,10.20.41,Paku,Pengeluaran,Operasional,5000,,,
f2ba9f63,228,30/05/2026,11.10.41,Bagus,Casbon,Casbon,70000,,,
22d9cca0,229,30/05/2026,13.36.45,Sapu,Pengeluaran,Operasional,15000,,,
5d9e4580,230,30/05/2026,16.16.31,Minyak wak udin,Pengeluaran,Operasional,10000,,,
a1c41aba,231,30/05/2026,17.02.13,Lebih qris,Pengeluaran,Operasional,5000,,,
8a417fa1,232,30/05/2026,17.29.05,NOPAL,Casbon,Casbon,50000,,,
39a7957b,233,30/05/2026,18.25.00,Tisu,Pengeluaran Carwash,Bahan Baku,260000,,,
6f6a9c92,234,31/05/2026,09.12.31,Bg raka,Casbon,Casbon,20000,,,
bbab3091,235,31/05/2026,12.19.34,Safa,Casbon,Casbon,10000,,,
c709c84c,236,31/05/2026,12.57.26,Lebih Qris,Pengeluaran,Operasional,25000,,,
aa61d07c,237,31/05/2026,13.24.56,Lebih qris,Pengeluaran,Operasional,20000,,,
ab2a76d8,238,31/05/2026,14.57.10,Colokan,Pengeluaran,Barang,85000,,,
23391daf,239,31/05/2026,15.50.24,Kelebihan Qris,Pengeluaran,Operasional,25000,,,
f171e308,240,31/05/2026,16.41.55,Angga,Casbon,Casbon,50000,,,
234d2374,241,01/06/2026,09.29.20,Belanja SKM,Pengeluaran Cafe,Bahan Baku,45000,TRUE,BK-02,3
467ea840,242,01/06/2026,09.29.37,Galon,Pengeluaran Cafe,Operasional,30000,FALSE,,
4dcf0164,243,01/06/2026,10.02.58,Belanja Teh,Pengeluaran Cafe,Bahan Baku,20000,TRUE,BK-06,2
c8915e37,244,01/06/2026,10.36.12,Safa,Casbon,Casbon,5000,,,
addc2893,245,01/06/2026,11.02.12,Print,Pengeluaran,Operasional,1000,,,
610268aa,246,01/06/2026,12.25.47,Bagus,Casbon,Casbon,100000,,,
9abbe5d3,247,01/06/2026,14.26.14,"Selada, timun",Pengeluaran Cafe,Operasional,12000,FALSE,,
7006d090,248,01/06/2026,14.26.34,Sterofom,Pengeluaran Cafe,Operasional,8000,FALSE,,
cd412595,249,02/06/2026,09.39.49,Es batu,Pengeluaran Cafe,Operasional,10000,FALSE,,
28907673,250,02/06/2026,14.15.53,Belanja Badak,Pengeluaran Cafe,Bahan Baku,135000,TRUE,MB-02,24
e22ed25a,251,02/06/2026,14.16.33,Belanja Le Mineral,Pengeluaran Cafe,Bahan Baku,48000,TRUE,MB-01,24
b483c000,252,02/06/2026,14.23.34,Sabun,Pengeluaran Carwash,Bahan Baku,85000,,,
d2bd839c,253,02/06/2026,17.38.31,Eza,Casbon,Casbon,50000,,,
47cb0dd8,254,03/06/2026,10.08.28,Sunlight,Pengeluaran,Operasional,10000,,,
17f7e64c,255,03/06/2026,18.06.34,Ferri,Casbon,Barang,200000,,,
ae50b809,256,04/06/2026,10.37.28,Es batu,Pengeluaran Cafe,Operasional,10000,FALSE,,
088b1994,257,04/06/2026,10.37.42,Cabe merah,Pengeluaran Cafe,Bahan Baku,10000,FALSE,,
7f61ea46,258,04/06/2026,10.38.15,Caplak,Pengeluaran Cafe,Bahan Baku,12000,FALSE,,
3e800fbf,259,04/06/2026,10.38.33,Rawit,Pengeluaran Cafe,Bahan Baku,11000,FALSE,,
f9204cc7,260,04/06/2026,10.38.46,Timun,Pengeluaran Cafe,Bahan Baku,6000,FALSE,,
7010fa10,261,04/06/2026,10.38.59,Tomat,Pengeluaran Cafe,Bahan Baku,9000,FALSE,,
99482ff2,262,04/06/2026,10.39.13,Belanja Indomie Kuah,Pengeluaran Cafe,Bahan Baku,20000,TRUE,BMK-07,6
4785d0bc,263,04/06/2026,10.39.41,Belanja Telur satu papan (30 btr),Pengeluaran Cafe,Bahan Baku,53000,TRUE,BMK-10,30
6147c6b1,264,04/06/2026,11.09.55,Safa,Casbon,Casbon,30000,,,
cae7abe2,265,04/06/2026,14.54.17,Belanja Biji Kopi ( ongkir ),Pengeluaran Cafe,Bahan Baku,20000,TRUE,BK-01,3
3205f95f,266,04/06/2026,16.13.24,EZA,Casbon,Casbon,20000,,,
b77dd669,267,04/06/2026,16.14.39,Bayar kereta wak udin,Pengeluaran,Operasional,75000,,,
07433abf,268,04/06/2026,18.24.10,Upah angga,Pengeluaran,Operasional,50000,,,
43fbb8be,269,05/06/2026,07.34.49,Belanja Ayam (JANGAN DIHAPUS),pengeluaran Cafe,Bahan Baku,,TRUE,BMK-01,11
f7314016,270,05/06/2026,07.35.14,Belanja Minyak Goreng (JANGAN DIHAPUS),pengeluaran Cafe,Bahan Baku,,TRUE,BMK-09,590
5b512980,271,05/06/2026,10.04.38,Beli cup,pengeluaran Cafe,Operasional,20000,FALSE,,
1b0cbdd6,272,05/06/2026,10.04.57,Lebih qris,Pengeluaran,Operasional,10000,,,
72b9d841,273,05/06/2026,10.42.56,Belanja Gula Putih,pengeluaran Cafe,Bahan Baku,19000,TRUE,BK-04,1
576c56d9,274,06/06/2026,10.32.30,Minyak raka,Pengeluaran,Operasional,13000,,,
600bb512,275,06/06/2026,12.06.14,Bagus,Casbon,Casbon,50000,,,
bd2c76f0,276,06/06/2026,15.54.15,NOPAL,Casbon,Casbon,50000,,,
018d9044,277,07/06/2026,09.01.44,Es batu,pengeluaran Cafe,Operasional,10000,FALSE,,
af51ee82,278,07/06/2026,14.04.32,Belanja SKM,pengeluaran Cafe,Bahan Baku,61000,TRUE,BK-02,4
0447786c,279,07/06/2026,14.28.12,EZA,Casbon,Casbon,20000,,,
62cac119,280,08/06/2026,11.39.58,Safa,Casbon,Casbon,70000,,,
5204b69f,281,08/06/2026,15.06.08,NOPAL,Casbon,Casbon,50000,,,
7d96eaf1,282,09/06/2026,10.05.05,Esbatu,pengeluaran Carwash,Operasional,10000,,,
3f8fbd7f,283,09/06/2026,10.05.21,Galon,pengeluaran Cafe,Operasional,30000,TRUE,,1
57f41b7c,284,09/06/2026,15.40.37,Lebih qris,Pengeluaran,Operasional,25000,,,
c10dfd41,285,10/06/2026,09.33.21,Foto copy kertas antrian,pengeluaran Carwash,Operasional,5000,,,
e7aa4f84,286,10/06/2026,12.34.05,Belanja Teh,pengeluaran Cafe,Bahan Baku,20000,TRUE,BK-06,2
9babd339,287,10/06/2026,13.31.08,Bagus,Casbon,Casbon,98000,,,
31786ae5,288,10/06/2026,16.44.11,Nopal,Casbon,Casbon,50000,,,
eff58be9,289,11/06/2026,11.29.02,Gass,pengeluaran Cafe,Barang,40000,TRUE,,2
d3155884,290,11/06/2026,12.26.44,Belanja Indomie Goreng,pengeluaran Cafe,Bahan Baku,20000,TRUE,BMK-08,6
9d6b9b66,291,11/06/2026,12.27.11,Timun,pengeluaran Cafe,Bahan Baku,3000,TRUE,,1
2f504b61,292,11/06/2026,15.12.11,Stella,Pengeluaran,Operasional,30000,,,
fe3398aa,293,11/06/2026,15.15.39,Lebih qris,pengeluaran Carwash,Operasional,16000,,,
d9115015,294,11/06/2026,17.47.05,Eza,Casbon,Casbon,40000,,,
686fb60a,295,11/06/2026,17.51.17,Eza,Casbon,Casbon,10000,,,
c3367b88,296,12/06/2026,12.17.29,Sikat,pengeluaran Carwash,Operasional,30000,,,
046883df,297,12/06/2026,12.39.03,Faisal,Casbon,Casbon,50000,,,
37b88674,298,13/06/2026,09.36.27,Esbatu,pengeluaran Cafe,Bahan Baku,10000,FALSE,,1
21cc5051,299,13/06/2026,11.07.31,Belanja Minyak Goreng,pengeluaran Cafe,Bahan Baku,20000,TRUE,BMK-09,1
bc2a274f,300,13/06/2026,11.13.48,Timun,Pengeluaran,Operasional,8000,,,
e45fee45,301,13/06/2026,11.14.01,Kecap bangao,Pengeluaran,Operasional,20000,,,
16a4ee76,302,13/06/2026,11.51.40,Lebih qris,Pengeluaran,Operasional,10000,,,
4b4f4b7f,303,13/06/2026,12.46.02,Ongkos kopi,Pengeluaran,Operasional,19000,,,
ff12454c,304,13/06/2026,13.26.15,Ongkir bg yazid,Pengeluaran,Operasional,23000,,,
f91788e9,305,13/06/2026,13.52.31,Belanja Sosis,pengeluaran Cafe,Bahan Baku,41500,TRUE,BMK-05,1
f63206e1,306,13/06/2026,13.52.53,Saos,pengeluaran Cafe,Bahan Baku,17000,FALSE,,
499fda01,307,13/06/2026,17.38.58,VICKY,Casbon,Casbon,100000,,,
a18603bc,308,14/06/2026,12.17.35,Lebih qria,Pengeluaran,Operasional,10000,,,
780ea4af,309,15/06/2026,09.13.32,Lebih qris,Pengeluaran,Operasional,20000,,,
b9ef8798,310,15/06/2026,18.32.27,Beras,pengeluaran Cafe,Bahan Baku,160000,TRUE,BMK-02,1
35d60ec7,311,15/06/2026,11.20.14,Bayar sampah,Pengeluaran,Operasional,50000,,,
0f463719,312,15/06/2026,11.59.00,Kawat,Pengeluaran,Operasional,5000,,,
2e7e2b37,313,15/06/2026,17.58.47,Pembersihan mesin air,pengeluaran Carwash,Operasional,110000,,,
7085a478,314,16/06/2026,09.47.24,Es batu,pengeluaran Cafe,Bahan Baku,10000,FALSE,,
,,,,,,,,,,
,,,,,,,,,,
1978901a,317,16/06/2026,11.58.39,Bagus,Casbon,Casbon,50000,,,
2d245cb6,318,16/06/2026,12.36.58,Sunlight,Pengeluaran,Operasional,10000,,,
64e9155b,319,16/06/2026,13.13.00,Slotip,Pengeluaran,Operasional,24000,,,
e3c88028,320,16/06/2026,13.13.22,Belanja Gula Putih,pengeluaran Cafe,Bahan Baku,19000,TRUE,BK-04,1
0f88e749,321,17/06/2026,11.23.28,Belanja SKM,pengeluaran Cafe,Bahan Baku,67000,TRUE,BK-02,4
4cd136da,322,17/06/2026,11.40.53,Iebih qris,Pengeluaran,Operasional,5000,,,
7529e4b5,323,18/06/2026,12.50.10,Sabun,pengeluaran Carwash,Bahan Baku,85000,,,
e445c529,324,20/06/2026,09.58.52,Bagus ambil paketan,Pengeluaran,Operasional,77000,,,
36872be9,325,20/06/2026,10.10.52,Es batu,pengeluaran Cafe,Operasional,10000,FALSE,,
50831054,326,20/06/2026,11.55.51,Oli,pengeluaran Carwash,Operasional,65000,,,
015e6c3a,327,20/06/2026,13.17.37,Belanja Le Mineral,pengeluaran Cafe,Bahan Baku,48000,TRUE,MB-01,1
70e4a318,328,20/06/2026,13.18.11,Galon,Pengeluaran,Operasional,30000,,,
260eeb7f,329,20/06/2026,13.18.23,Minyak wak udin,Pengeluaran,Operasional,10000,,,
31b7949e,330,20/06/2026,13.54.26,Saus,pengeluaran Cafe,Operasional,18500,FALSE,,
8f5c9d3b,331,20/06/2026,16.55.48,Sajiku,Pengeluaran,Bahan Baku,2500,,,
fff3c0a1,332,21/06/2026,10.22.27,Kawat,Pengeluaran,Operasional,5000,,,
aca3245a,333,21/06/2026,15.32.51,Lebih qris,Pengeluaran,Operasional,15000,,,
c4838ef9,334,22/06/2026,10.33.11,Esbatu,pengeluaran Cafe,Bahan Baku,10000,FALSE,,
708af91a,335,22/06/2026,10.33.24,Bumbu nasigoreng,pengeluaran Cafe,Bahan Baku,5000,FALSE,,
78518ae7,336,22/06/2026,12.30.52,NOPAL,Casbon,Casbon,50000,,,
22659058,337,22/06/2026,12.39.48,Lebih qris,Pengeluaran,Operasional,10000,,,
f443b21b,338,22/06/2026,12.57.05,Sabun,pengeluaran Carwash,Barang,85000,,,
e8890426,339,22/06/2026,13.45.52,Sendok,pengeluaran Cafe,Barang,33000,FALSE,,
41f33e16,340,22/06/2026,14.01.10,Belanja Minyak Goreng,pengeluaran Cafe,Bahan Baku,20000,TRUE,BMK-09,1
31f18a79,341,22/06/2026,14.07.18,Ambil uang paketan,Pengeluaran,Operasional,75000,,,
92b7dbbc,342,22/06/2026,14.58.48,Puding,Pengeluaran,Operasional,125000,,,
b9a0cf14,343,23/06/2026,10.28.19,Es batu,pengeluaran Cafe,Bahan Baku,10000,FALSE,,
4705ec0c,344,23/06/2026,11.04.39,Belanja Gula Putih,pengeluaran Cafe,Barang,18500,TRUE,BK-04,1
ee3a763d,345,23/06/2026,13.37.11,Safa,Casbon,Casbon,50000,,,
3a2b5c00,346,23/06/2026,15.12.16,Belanja Indomie Kuah,pengeluaran Cafe,Bahan Baku,20000,TRUE,BMK-07,6
472b0b77,347,23/06/2026,15.12.41,Belanja Indomie Goreng,pengeluaran Cafe,Bahan Baku,20000,TRUE,BMK-08,6
5af304da,348,23/06/2026,15.12.57,Timun & tomat,pengeluaran Cafe,Bahan Baku,10000,FALSE,,
b38160d2,349,23/06/2026,15.54.13,Paket wax kaca (bagus) sudah di ambil,Pengeluaran,Operasional,25000,,,
9baef43f,350,23/06/2026,17.55.02,Ferry,Casbon,Casbon,50000,,,
d0ef6ad1,351,23/06/2026,18.05.59,Lebih qris,Pengeluaran,Operasional,10000,,,
0b95973c,352,24/06/2026,11.33.57,Faisal,Casbon,Casbon,50000,,,
5422c1e6,353,24/06/2026,13.04.09,Anggaa,Casbon,Casbon,100000,,,
90d6e64e,354,24/06/2026,16.34.52,Bagus,Casbon,Casbon,100000,,,
a23a2d1a,355,25/06/2026,09.06.46,Bagus,Casbon,Casbon,61000,,,
34a30eec,356,25/06/2026,09.27.35,Es batu,pengeluaran Cafe,Operasional,5000,FALSE,,
9a9ff3d3,357,25/06/2026,15.01.56,Belanja Biji Kopi,pengeluaran Cafe,Bahan Baku,20000,TRUE,BK-01,1
c734c46e,358,25/06/2026,16.30.35,Bagus ambil uang paketan,Pengeluaran,Operasional,27000,,,
a1b1c16f,359,25/06/2026,17.53.30,NOPAL,Casbon,Casbon,50000,,,
a68bdc7b,360,26/06/2026,10.13.51,Esbatu,pengeluaran Cafe,Bahan Baku,5000,FALSE,,
28e303cf,361,26/06/2026,18.28.26,Indomie + telur (konsums pribadi),Pengeluaran,Operasional,17000,,,
f3a6bc00,362,26/06/2026,10.51.26,Belanja SKM,pengeluaran Cafe,Bahan Baku,60000,TRUE,BK-02,4
86771151,363,26/06/2026,11.31.32,Faisal,Casbon,Casbon,50000,,,
f7404745,364,26/06/2026,15.23.10,Esbatu,pengeluaran Cafe,Bahan Baku,5000,FALSE,,
8eeb486e,365,26/06/2026,15.49.03,Vicky,Casbon,Casbon,100000,,,
dae4b078,366,26/06/2026,15.51.22,Belanja Teh,pengeluaran Cafe,Barang,20500,TRUE,BK-06,2
91d38c77,367,27/06/2026,10.33.00,Es batu,pengeluaran Cafe,Operasional,5000,FALSE,,
1ba5db9f,368,27/06/2026,12.19.46,Konsumsi ( pribadi),Pengeluaran,Operasional,17000,,,
12ddfadc,369,27/06/2026,12.41.13,Lebih qris,Pengeluaran,Operasional,70000,,,
,,,,,,,,,,
6cf67fc2,371,27/06/2026,15.54.48,Fotocopy,Pengeluaran,Operasional,5000,,,
12fb4ba8,372,27/06/2026,16.14.15,Keran,Pengeluaran,Operasional,20000,,,
07b58eea,373,27/06/2026,17.31.30,NOPAL,Casbon,Casbon,100000,,,
ae2dcc71,374,28/06/2026,10.15.39,Esbatu,pengeluaran Cafe,Bahan Baku,5000,FALSE,,
17398c8e,375,28/06/2026,10.17.06,Sunlight,Pengeluaran,Barang,10000,FALSE,,
b2f40962,376,28/06/2026,10.34.03,Lebih qris,Pengeluaran,Operasional,10000,,,
923484b8,377,28/06/2026,10.58.09,Bagus,Casbon,Casbon,55000,,,
2737a83c,378,28/06/2026,13.08.49,Angga,Casbon,Casbon,100000,,,
e586e384,379,28/06/2026,16.08.46,Belanja Minyak Goreng,pengeluaran Cafe,Bahan Baku,20000,TRUE,BMK-09,1
2f32a704,380,28/06/2026,16.12.54,Fery ambil jatah paketan,Pengeluaran,Operasional,50000,,,
b0bc7dcc,381,28/06/2026,16.19.38,Bagus ambil jatah paketan,Pengeluaran,Operasional,25000,,,
083fad02,382,28/06/2026,17.59.05,Lebih qris,Pengeluaran,Operasional,5000,,,
b6a6e6cd,383,28/06/2026,18.05.13,Lebih qris,Pengeluaran,Operasional,100000,,,
03d2999b,384,29/06/2026,09.14.24,Es batu,pengeluaran Cafe,Operasional,5000,FALSE,,
d95bc2c1,385,29/06/2026,10.23.28,Galon,pengeluaran Cafe,Operasional,30000,FALSE,,
dead1f1e,386,29/06/2026,10.23.42,Belanja Telur,pengeluaran Cafe,Bahan Baku,54000,TRUE,BMK-10,30
56e4329a,387,29/06/2026,16.13.36,Bumbu nasi goreng,Pengeluaran,Operasional,3000,,,
e74e12cb,388,30/06/2026,09.28.46,Es batu,pengeluaran Cafe,Operasional,5000,FALSE,,
8c473150,389,30/06/2026,13.34.43,Belanja Badak,pengeluaran Cafe,Bahan Baku,135000,TRUE,MB-02,24
61cf1533,390,30/06/2026,15.15.15,Minyak wak udin,Pengeluaran,Operasional,10000,,,
38e2862d,391,30/06/2026,13.36.47,Faisal,Casbon,Casbon,20000,,,
bfab6a1a,392,01/07/2026,09.51.41,Esbatu,pengeluaran Cafe,Operasional,5000,FALSE,,
ff26e5d6,393,01/07/2026,09.51.52,Lebih qris,Pengeluaran,Operasional,10000,,,
910d3c99,394,01/07/2026,11.50.00,Beras,pengeluaran Cafe,Bahan Baku,163000,TRUE,BMK-02,1
612fa28e,395,01/07/2026,12.52.04,Bagus,Casbon,Casbon,50000,,,
638a1d5d,396,02/07/2026,10.42.08,Baju,Pengeluaran,Barang,232000,,,
eea7c74a,397,02/07/2026,10.42.30,Esbatu,pengeluaran Cafe,Bahan Baku,5000,FALSE,,
06ab31c2,398,02/07/2026,12.36.05,Lebih qris,Pengeluaran,Operasional,5000,,,
62d5828b,399,02/07/2026,15.27.19,Esbatu,Pengeluaran,Bahan Baku,5000,,,
9e7c5ef5,400,02/07/2026,18.46.45,Token,pengeluaran Carwash,Operasional,204500,,,
016c5238,401,03/07/2026,10.04.59,Belanja SKM,pengeluaran Cafe,Bahan Baku,60000,TRUE,BK-02,4
19ea825c,402,03/07/2026,10.05.16,Belanja Gula Putih,pengeluaran Cafe,Bahan Baku,18000,TRUE,BK-04,1
1bd9f542,403,03/07/2026,10.05.30,Es batu,pengeluaran Cafe,Operasional,5000,FALSE,,
9cc3b340,404,03/07/2026,14.17.18,Bumbu,pengeluaran Cafe,Operasional,5000,FALSE,,
5cbe3739,405,03/07/2026,14.55.16,Belanja Biji Kopi,pengeluaran Cafe,Bahan Baku,20000,TRUE,BK-01,2
6e04c05f,406,04/07/2026,09.48.08,Esbatu,pengeluaran Cafe,Operasional,5000,FALSE,,
122b5087,407,04/07/2026,10.35.26,Belanja Le Mineral,pengeluaran Cafe,Bahan Baku,50000,TRUE,MB-01,1
53dd788e,408,04/07/2026,15.22.26,Lebih qris,Pengeluaran,Operasional,10000,,,
28b6a965,409,04/07/2026,17.29.17,Sabun,pengeluaran Carwash,Barang,85000,,,
c2179db1,410,04/07/2026,18.04.22,Stp,pengeluaran Carwash,Barang,130000,,,
347dd044,411,04/07/2026,17.58.51,Nopal,Casbon,Casbon,50000,,,
df74b7b5,412,05/07/2026,10.11.43,Esbatu,pengeluaran Cafe,Operasional,5000,FALSE,,
f3dbd0f6,413,05/07/2026,11.41.51,Kanebo,pengeluaran Carwash,Operasional,64000,,,
5c738523,414,05/07/2026,12.00.40,Minyak,Pengeluaran,Operasional,16000,,,
cbae6ba5,415,05/07/2026,13.19.54,Garam,pengeluaran Cafe,Operasional,7500,FALSE,,
36114851,416,05/07/2026,13.19.36,Royco,pengeluaran Cafe,Operasional,10000,FALSE,,
656fc778,417,05/07/2026,19.37.08,Paketan sudah di ambil (eza),Pengeluaran,Operasional,50000,,,
4b78c0cf,418,05/07/2026,17.26.49,Paketan sudah di ambil (bagus),Pengeluaran,Operasional,50000,,,
90cf7501,419,06/07/2026,09.20.49,Pengeluaran,pengeluaran Cafe,Bahan Baku,5000,FALSE,,
4d2ae43e,420,06/07/2026,13.41.44,Esbatu,pengeluaran Cafe,Bahan Baku,5000,FALSE,,
983beee2,421,06/07/2026,13.41.58,Bumbu nasi goreng,pengeluaran Cafe,Bahan Baku,5000,FALSE,,
c641b173,422,06/07/2026,15.31.13,Sunlight,Pengeluaran,Bahan Baku,10000,,,
2009b4f1,423,06/07/2026,17.45.11,Print,Pengeluaran,Operasional,2000,,,
d05fd339,424,07/07/2026,12.11.11,Esbatu,pengeluaran Cafe,Operasional,5000,FALSE,,
512f0e65,425,07/07/2026,12.15.51,Foto copy,Pengeluaran,Operasional,5000,,,
f704e1bb,426,07/07/2026,14.49.32,Belanja Minyak Goreng,pengeluaran Cafe,Bahan Baku,20000,TRUE,BMK-09,1
2060dde0,427,07/07/2026,14.49.20,Saos,pengeluaran Cafe,Bahan Baku,18000,FALSE,,
d25e9a64,428,07/07/2026,17.04.39,Lebih qris,Pengeluaran,Operasional,10000,,,
47592132,429,08/07/2026,09.12.46,Esbatu,pengeluaran Cafe,Operasional,5000,FALSE,,
689c38c6,430,08/07/2026,11.36.22,Ferry,Casbon,Casbon,100000,,,
1871679e,431,08/07/2026,16.29.46,Lebih qris,Pengeluaran,Operasional,10000,,,
b470bc76,432,09/07/2026,10.14.05,Esbatu,pengeluaran Cafe,Bahan Baku,5000,FALSE,,
5200394d,433,09/07/2026,19.00.29,Selai roti (konsumsi pribadi),Pengeluaran,Operasional,15000,,,
86bff3dc,434,09/07/2026,10.14.54,Galon,pengeluaran Cafe,Bahan Baku,30000,FALSE,,
10801a80,435,09/07/2026,10.59.33,Belanja Gula Putih,pengeluaran Cafe,Bahan Baku,18500,TRUE,BK-04,1
f04e3032,436,09/07/2026,15.08.35,Jatah paketan ferri sudah di ambil,Pengeluaran,Operasional,50000,,,
893f8ab4,437,09/07/2026,18.19.54,Vicky,Casbon,Casbon,50000,,,
9d882745,438,10/07/2026,11.05.11,Esbatu,pengeluaran Cafe,Bahan Baku,5000,FALSE,,
29120579,439,10/07/2026,11.05.41,Belanja Le Mineral,pengeluaran Cafe,Bahan Baku,50000,TRUE,MB-01,2
c3f67b1e,440,10/07/2026,11.06.20,Lebih qris,Pengeluaran,Operasional,10000,,,
49619dc5,441,10/07/2026,12.20.16,Rondap,Pengeluaran,Operasional,10000,,,
93774ca9,442,10/07/2026,13.48.33,Tomat,pengeluaran Cafe,Bahan Baku,3000,FALSE,,
063219eb,443,10/07/2026,13.49.10,Timun,pengeluaran Cafe,Bahan Baku,3000,FALSE,,
70817356,444,10/07/2026,17.16.06,Nopal,Casbon,Casbon,50000,,,
cc43e954,445,11/07/2026,09.32.43,Esbatu,pengeluaran Cafe,Bahan Baku,5000,FALSE,,
7b37a326,446,11/07/2026,13.03.08,Nopal,Casbon,Casbon,50000,,,
9d284e1d,447,11/07/2026,13.24.26,Mama lemon,Pengeluaran,Bahan Baku,10000,,,
2dd44f63,448,11/07/2026,17.44.42,Ferry,Casbon,Casbon,100000,,,
926ebb08,449,12/07/2026,09.16.57,Lebih qris,Pengeluaran,Operasional,10000,,,
c5459a34,450,12/07/2026,13.55.32,Belanja Teh,pengeluaran Cafe,Bahan Baku,20000,TRUE,BK-06,2
fd13a0b6,451,12/07/2026,13.56.31,Es batu,pengeluaran Cafe,Operasional,5000,FALSE,,
a1eb2410,452,12/07/2026,13.56.49,Konsumsi,Pengeluaran,Operasional,13000,,,
f607d1db,453,12/07/2026,16.22.42,Bagus,Casbon,Casbon,50000,,,
14cf703f,454,12/07/2026,18.09.15,Minyak bg raka,Pengeluaran,Operasional,35000,,,
e8050d4c,455,13/07/2026,09.17.04,Es batu,pengeluaran Cafe,Operasional,5000,FALSE,,
8fbef9c0,456,13/07/2026,12.34.48,Vicky,Casbon,Casbon,50000,,,
7ee68ffe,457,13/07/2026,14.59.51,Belanja Biji Kopi,pengeluaran Cafe,Bahan Baku,20000,TRUE,BK-01,2
de66a61d,458,13/07/2026,16.08.16,Lebih qris,Pengeluaran,Operasional,10000,,,
295c0b59,459,14/07/2026,09.17.23,Esbatu,pengeluaran Cafe,Operasional,5000,FALSE,,
d49ccb27,460,14/07/2026,11.09.25,Belanja SKM,pengeluaran Cafe,Bahan Baku,60000,TRUE,BK-02,4
c9fde45d,461,14/07/2026,11.09.38,Belanja Gula Putih,pengeluaran Cafe,Bahan Baku,19000,TRUE,BK-04,1
4081c929,462,14/07/2026,12.55.23,Sampah,Pengeluaran,Operasional,50000,,,
45a3f763,463,14/07/2026,13.52.13,Lebih qris,Pengeluaran,Operasional,10000,,,
fc38e37e,464,14/07/2026,17.50.12,Bagus,Casbon,Casbon,100000,,,
cc123bbe,465,15/07/2026,09.11.33,Es batu,pengeluaran Cafe,Operasional,5000,FALSE,,
dcb8fb1b,466,15/07/2026,09.44.13,Lebih qris,Pengeluaran,Operasional,15000,,,
6bb7f026,467,15/07/2026,10.53.49,Vicky,Casbon,Casbon,12000,,,
9fc2661e,468,15/07/2026,16.08.31,Belanja Indomie Goreng,pengeluaran Cafe,Bahan Baku,18000,TRUE,BMK-08,6
610bca44,469,15/07/2026,12.35.49,Pewangi,pengeluaran Carwash,Operasional,36000,,,
b0694e4f,470,15/07/2026,14.46.48,Faisal,Casbon,Casbon,50000,,,
2799a94d,471,16/07/2026,09.30.14,Esbatu,pengeluaran Cafe,Operasional,5000,FALSE,,
,,,,,,,,,,
852a1d21,473,16/07/2026,11.22.13,Galon,pengeluaran Cafe,Operasional,30000,FALSE,,
e7d2bdf4,474,17/07/2026,09.28.47,Esbatu,pengeluaran Cafe,Operasional,5000,FALSE,,
ef37fca3,475,18/07/2026,10.42.57,Esbatu,pengeluaran Cafe,Operasional,5000,FALSE,,
1abe4c17,476,19/07/2026,09.56.41,Esbatu,pengeluaran Cafe,Bahan Baku,10000,FALSE,,
d5d63ecf,477,19/07/2026,12.51.10,Belanja Badak,pengeluaran Cafe,Bahan Baku,135000,TRUE,MB-02,24
fb2500d4,478,19/07/2026,12.52.24,Minyak wak udin,Pengeluaran,Operasional,10000,,,
619c093e,479,19/07/2026,13.43.05,Token listrik,pengeluaran Carwash,Operasional,204500,,,
ad17bc8a,480,19/07/2026,16.09.03,Lebih qris,Pengeluaran,Operasional,5000,,,
bb6cec99,481,20/07/2026,08.40.50,Foto copy kertas antrian,pengeluaran Carwash,Operasional,5000,,,
21728f85,482,20/07/2026,10.54.26,Lebih qris,Pengeluaran,Operasional,15000,,,
78256002,483,20/07/2026,15.41.36,Sabun,pengeluaran Carwash,Bahan Baku,85000,,,
49d6e3e9,484,20/07/2026,15.45.14,Ferry,Casbon,Casbon,200000,,,
08ae4edc,485,20/07/2026,15.52.13,Belanja Nasi,pengeluaran Cafe,Bahan Baku,170000,TRUE,BMK-02,1
9c0f1f55,486,20/07/2026,18.22.21,Bagus,Casbon,Casbon,100000,,,
47d3622c,487,21/07/2026,12.05.25,Lebih qris,Pengeluaran,Operasional,20000,,,
8fcb067e,488,21/07/2026,14.48.17,Ferri,Casbon,Casbon,100000,,,
5d18d0c9,489,21/07/2026,16.16.30,Nopal,Casbon,Casbon,100000,,,
fdc93fba,490,21/07/2026,17.14.48,Safa,Casbon,Casbon,20000,,,
ef842c0a,491,22/07/2026,10.12.21,Safa,Casbon,Casbon,100000,,,
9cfafcff,492,22/07/2026,10.23.55,Esbatu,Pengeluaran,Bahan Baku,10000,,,
2e55ca25,493,22/07/2026,16.59.57,Fotokopi,Pengeluaran,Operasional,3000,,,
8541d2f9,494,22/07/2026,17.00.15,Belanja Gula Putih,pengeluaran Cafe,Bahan Baku,20000,TRUE,BK-04,1
53dff426,495,23/07/2026,12.22.22,Vicky,Casbon,Casbon,12000,,,
b0ee8048,496,23/07/2026,14.00.39,Lebih qris,Pengeluaran,Operasional,100000,,,
03337d11,497,23/07/2026,16.15.58,Tambahan token,Pengeluaran,Operasional,5000,,,
cfb7858d,498,23/07/2026,17.12.05,Konsumsi,Pengeluaran,Operasional,30000,,,
ce335ba0,499,23/07/2026,17.43.01,Belanja Telur,pengeluaran Cafe,Bahan Baku,50000,TRUE,BMK-10,30