ID_Detail,ID_Struk,ID Menu,Tanggal,Jam,Nama_Menu,Metode,Status,Qty,Harga_Satuan,Subtotal
A4FHOMFE,,,02/04/2026,,Air Mineral,cash,Selesai,1,,Rp5.000
HQ2SSGOC,,,02/04/2026,,badak,cash,Selesai,1,,Rp10.000
KNR8NSOC,,,02/04/2026,,badak,qris,Selesai,1,,Rp10.000
GS47K717,,,02/04/2026,,badak,cash,Selesai,1,,Rp10.000
ZAIWI4X2,,,02/04/2026,,badak,qris,Selesai,1,,Rp10.000
IMZUX8EN,,,02/04/2026,,teh botol,qris,Selesai,1,,Rp7.000
DJM8SUSH,,,02/04/2026,,badak,qris,Selesai,2,,Rp20.000
3CPSZB1L,,,02/04/2026,,badak,cash,Selesai,1,,Rp10.000
7N1C6VI3,,,02/04/2026,,badak,,Selesai,2,,
D7HMMQ5Y,,,03/04/2026,,Air Mineral,cash,Selesai,1,,Rp5.000
GRB7ZESE,,,03/04/2026,,Air Mineral,cash,Selesai,1,,Rp5.000
ZMSMHPVN,,,03/04/2026,,badak,cash,Selesai,1,,Rp10.000
JFJVDMXV,,,03/04/2026,,badak,,Selesai,1,,
6JZ05KWQ,,,03/04/2026,,badak,cash,Selesai,1,,Rp10.000
0SX6UY4U,,,03/04/2026,,badak,qris,Selesai,3,,Rp30.000
LUKST21N,,,03/04/2026,,Air Mineral,qris,Selesai,2,,Rp10.000
2BI55GGS,,,03/04/2026,,badak,cash,Selesai,1,,Rp10.000
COCR7VUN,,,03/04/2026,,badak,cash,Selesai,1,,Rp10.000
FVNJHY7B,,,03/04/2026,,Air Mineral,cash,Selesai,1,,Rp5.000
TXTY3V0P,,,03/04/2026,,badak,,,1,,
56DDWAQL,,,04/04/2026,,Air Mineral,cash,Selesai,1,,Rp5.000
HGCNYKIE,,,04/04/2026,,Air Mineral,cash,Selesai,2,,Rp10.000
MJL3X64Y,,,04/04/2026,,badak,cash,Selesai,1,,Rp10.000
ALXZN9P8,,,04/04/2026,,Air Mineral,cash,Selesai,1,,Rp5.000
NPGMUJ8N,,,04/04/2026,,badak,cash,Selesai,1,,Rp10.000
N0HREVR5,,,04/04/2026,,badak,cash,Selesai,1,,Rp10.000
NB0Y9ZF4,,,04/04/2026,,Air Mineral,cash,Selesai,1,,Rp5.000
3XS65H8U,,,05/04/2026,,Air Mineral,cash,Selesai,1,,Rp5.000
DJYX9LIA,,,05/04/2026,,badak,cash,Selesai,1,,Rp10.000
83B8UTMD,,,05/04/2026,,Air Mineral,cash,Selesai,1,,Rp5.000
FZ1DO0KY,,,05/04/2026,,badak,cash,Selesai,1,,Rp10.000
ILIWA5SV,,,05/04/2026,,badak,cash,Selesai,1,,Rp10.000
DLW9X0M7,,,06/04/2026,,Air Mineral,cash,Selesai,1,,Rp5.000
1WQ9CFRB,,,06/04/2026,,badak,cash,Selesai,1,,Rp10.000
2KUUNIRT,,,07/04/2026,,badak,cash,Selesai,1,,Rp10.000
05EKYFSD,,,07/04/2026,,Air Mineral,cash,Selesai,1,,Rp5.000
Y8SE147J,,,07/04/2026,,badak,cash,Selesai,2,,Rp20.000
E0N86ZM1,,,07/04/2026,,Air Mineral,cash,Selesai,1,,Rp5.000
BUJERZNN,,,08/04/2026,,Air Mineral,cash,Selesai,1,,Rp5.000
CFL9V8L3,,,08/04/2026,,Air Mineral,cash,Selesai,3,,Rp15.000
UG5Z9U7X,,,08/04/2026,,Badak Susu,cash,Selesai,2,,Rp30.000
HPA1G5KJ,,,09/04/2026,,Sanger,cash,Selesai,1,,Rp13.500
GECEA5QA,,,09/04/2026,,Air Mineral,cash,Selesai,1,,Rp5.000
NP6C6XWD,,,10/04/2026,,Sanger,cash,Selesai,1,,Rp13.500
A2VRZ797,,,10/04/2026,,Teh,cash,Selesai,2,,Rp16.000
1PSY5OF4,,,10/04/2026,,badak,,,1,,
09Z8B9RD,,,10/04/2026,,Americano,cash,Selesai,1,,Rp13.000
0YJ43EQ1,,,10/04/2026,,Sanger,qris,Selesai,1,,Rp13.500
MYKA2K7Z,,,10/04/2026,,Air Mineral,qris,Selesai,1,,Rp5.000
4ICJT5ZO,,,10/04/2026,,Air Mineral,cash,Selesai,1,,Rp5.000
XWZ4VFBG,,,11/04/2026,,badak,cash,Selesai,1,,Rp10.000
FW0YB0F0,,,11/04/2026,,Americano,qris,Selesai,1,,Rp13.000
D2NE87LR,,,11/04/2026,,Sanger,cash,Selesai,1,,Rp13.500
QJFUZKVB,,,11/04/2026,,Sanger,cash,Selesai,1,,Rp13.500
E84PP3BP,,,11/04/2026,,Sanger,cash,Selesai,1,,Rp13.500
TPEO6KFR,,,11/04/2026,,Air Mineral,qris,Selesai,1,,Rp5.000
5TH6A10Y,,,11/04/2026,,Americano,qris,Selesai,1,,Rp13.000
VWHZDJFJ,,,11/04/2026,,Sanger,qris,Selesai,1,,Rp13.500
NB1DNV35,,,12/04/2026,,badak,cash,Selesai,1,,Rp10.000
OJUXYFVN,,,12/04/2026,,Air Mineral,cash,Selesai,1,,Rp5.000
936WSVYC,,,12/04/2026,,Badak Susu,cash,Selesai,1,,Rp15.000
06ZHXPLA,,,12/04/2026,,Badak Susu,qris,Selesai,1,,Rp15.000
A4FO6SBE,,,12/04/2026,,Air Mineral,cash,Selesai,1,,Rp5.000
H92SOXZ6,,,12/04/2026,,badak,qris,Selesai,2,,Rp20.000
2W7XG2Q8,,,12/04/2026,,Badak,cash,Selesai,1,,Rp10.000
dab51dc5,JB-04,,18/04/2026,08.35.00,,CASH,Selesai,,,0
2b4975db,JB-04,,18/04/2026,08.35.00,Americano Panas,CASH,Selesai,1,12000,12000
72f3da5f,JB-04,,18/04/2026,08.35.00,Segala Tempe Original,CASH,Selesai,1,15000,15000
0fff595e,JB-05,,18/04/2026,08.50.00,Sanger Panas,QRIS,Selesai,1,15000,15000
ec9486bb,JB-05,,18/04/2026,08.50.00,Americano Panas,QRIS,Selesai,1,12000,12000
0bf6af87,JB-07,,18/04/2026,09.35.00,Americano Dingin,QRIS,Selesai,1,12000,12000
36a85d2f,JB-0,,18/04/2026,10.09.00,Sanger Panas,CASH,Selesai,1,15000,15000
287fcbd1,JB-1,,18/04/2026,10.15.00,Sanger Panas,QRIS,Selesai,1,15000,15000
c9f418bd,JB-3,,18/04/2026,10.26.00,Badak Susu,QRIS,Selesai,1,15000,15000
6c29775f,JB-3,,18/04/2026,10.26.00,Teh Manis/Tawar Dingin,QRIS,Selesai,1,8000,8000
3cc7d9dc,JB-7,,18/04/2026,00.00.00,,CASH,Selesai,,,0
5f56e9d0,JB-7,,18/04/2026,00.00.00,Teh Manis/Tawar Dingin,CASH,Selesai,1,8000,8000
ddc43af8,JB-8,,18/04/2026,00.00.00,Teh Manis/Tawar Panas,CASH,Selesai,1,8000,8000
d892138d,JB-7,,18/04/2026,00.00.00,Segala Tempe Original,CASH,Selesai,1,15000,15000
2693bdee,JB-1,,18/04/2026,10.15.00,Sanger Dingin,QRIS,Selesai,1,15000,15000
d34ecc33,JB-1,,18/04/2026,10.15.00,Americano Dingin,QRIS,Selesai,1,12000,12000
cebc672a,JB-9,,18/04/2026,11.47.00,Americano Dingin,CASH,Selesai,1,12000,12000
4762640a,25cf217b,,18/04/2026,12.06.00,Sanger Panas,CASH,Selesai,1,15000,15000
9eb2098b,34739115,,18/04/2026,12.25.00,Sanger Dingin,CASH,Selesai,1,15000,15000
faa2e81d,932e14d0,,18/04/2026,12.45.00,Americano Dingin,CASH,Selesai,1,12000,12000
8e5b6adf,1e6cd0a0,,18/04/2026,14.17.00,Americano Dingin,CASH,Selesai,1,12000,12000
aeced215,1e6cd0a0,,18/04/2026,14.17.00,Air Mineral,CASH,Selesai,1,5000,5000
c319e37d,1e6cd0a0,,18/04/2026,14.17.00,Badak,CASH,Selesai,1,10000,10000
29b396f3,f0401a4b,,18/04/2026,15.54.00,Badak,CASH,Selesai,1,10000,10000
deef42cf,b5e2a9e3,,18/04/2026,16.25.00,Sanger Panas,CASH,Selesai,1,15000,15000
19cc631a,b5e2a9e3,,18/04/2026,16.25.00,Americano Panas,CASH,Selesai,1,12000,12000
b1ed6eb1,1e6cd0a0,,18/04/2026,14.17.00,Air Mineral,CASH,Selesai,1,5000,5000
05b25af1,1e6cd0a0,,18/04/2026,14.17.00,Sanger Panas,CASH,Selesai,3,15000,45000
4ceb4c69,ee32bb59,,19/04/2026,13.16.00,,QRIS,Selesai,,,0
29867ebb,fdb1193e,,19/04/2026,09.43.00,Americano Panas,CASH,Selesai,1,12000,12000
8964bbd8,2bd9e2da,,19/04/2026,00.00.00,Sanger Panas,CASH,Selesai,1,15000,15000
888bd1fe,f6cc027d,,19/04/2026,14.22.00,Badak,CASH,Selesai,1,10000,10000
18d619cf,65b8b2aa,,19/04/2026,14.23.00,,CASH,Selesai,,,0
04f16934,65b8b2aa,,19/04/2026,08.23.00,Sanger Panas,CASH,Selesai,1,15000,15000
13266824,aaafea92,,19/04/2026,09.24.00,Americano Dingin,CASH,Selesai,1,12000,12000
8f6dcfd1,671b55c3,,19/04/2026,14.25.00,Segala Tempe Original,CASH,Selesai,1,15000,15000
298b51f6,cfbbf839,,19/04/2026,14.26.00,Air Mineral,QRIS,Selesai,2,5000,10000
1a95ce5e,f7e8ca86,,19/04/2026,14.26.00,Badak Susu,CASH,Selesai,1,15000,15000
38faae48,83c968b4,,19/04/2026,10.27.00,Americano Panas,CASH,Selesai,1,12000,12000
b86682ca,4da984b1,,19/04/2026,14.27.00,Sanger Dingin,CASH,Selesai,1,15000,15000
3127b375,f96cc0da,,19/04/2026,14.42.00,Sanger Panas,QRIS,Selesai,1,15000,15000
3f94eaac,83a8c74e,,19/04/2026,15.20.00,Badak,CASH,Selesai,1,10000,10000
795fb1c6,75597c73,,19/04/2026,16.42.00,Sanger Dingin,QRIS,Selesai,1,15000,15000
cf862a6a,09c37afb,,19/04/2026,16.33.00,Segala Tempe Original,CASH,Selesai,1,15000,15000
f271ed12,8c950a2e,,20/04/2026,00.00.00,Badak,CASH,Selesai,1,10000,10000
97eb3782,3621fd4c,,20/04/2026,12.55.00,Badak,CASH,Selesai,1,10000,10000
f59e45ee,dc60923e,,20/04/2026,14.40.00,Sanger Panas,CASH,Selesai,1,15000,15000
4c37db51,f40af436,,20/04/2026,14.56.00,Sanger Dingin,CASH,Selesai,1,15000,15000
a426f86e,f40af436,,20/04/2026,14.56.00,Air Mineral,CASH,Selesai,1,5000,5000
80f85309,f4555a2d,,20/04/2026,14.58.00,Badak,QRIS,Selesai,1,10000,10000
ddae041f,e1374e70,,20/04/2026,16.55.00,Air Mineral,CASH,Selesai,1,5000,5000
d1a088d8,dd5d696a,,20/04/2026,20.27.00,Badak,CASH,Selesai,1,10000,10000
8a5f480d,682a1d13,,21/04/2026,08.32.00,Badak,CASH,Selesai,1,10000,10000
fcf15bb2,dfe8f6df,,21/04/2026,09.49.00,Sanger Panas,QRIS,Selesai,1,15000,15000
46fe40b1,1dd2a574,,21/04/2026,09.50.00,,,,,,0
dc2077d7,8a48e451,,21/04/2026,11.41.00,Badak,CASH,Selesai,1,10000,10000
5f656c46,aeb6a4a2,,22/04/2026,00.00.00,Sanger Dingin,CASH,Selesai,1,15000,15000
1fe4d185,3fc36c5f,,22/04/2026,10.36.00,Air Mineral,CASH,Selesai,1,5000,5000
3d67e81d,1cc7e39f,,22/04/2026,10.59.00,Sanger Panas,CASH,Selesai,1,15000,15000
db9fbd93,306c06a1,,22/04/2026,14.46.00,Americano Panas,QRIS,Selesai,1,12000,12000
b2122ef3,2089f207,,22/04/2026,17.59.00,Americano Dingin,CASH,Selesai,1,12000,12000
1ded6641,ce4315e5,,22/04/2026,18.27.00,Air Mineral,CASH,Selesai,1,5000,5000
127916f3,9b723a97,,23/04/2026,08.03.00,Air Mineral,CASH,Selesai,1,5000,5000
3ac90345,054017ad,,23/04/2026,10.47.00,Teh Manis/Tawar Dingin,CASH,Selesai,1,8000,8000
78869a9a,c9f32b2e,,23/04/2026,10.50.00,Americano Dingin,QRIS,Selesai,1,12000,12000
81bfb126,cc9da295,,23/04/2026,14.40.00,Kopi Susu Gula Aren Panas,CASH,Selesai,1,20000,20000
e2a73dcc,6d80bc24,,23/04/2026,15.24.00,Sanger Panas,CASH,Selesai,1,15000,15000
81f15c4f,3d23789d,,23/04/2026,15.40.00,Air Mineral,QRIS,Selesai,1,5000,5000
f212fdc5,e74a78a0,,23/04/2026,16.53.00,Kopi Susu Gula Aren Dingin,CASH,Selesai,1,20000,20000
15a53ba0,24322ceb,,23/04/2026,16.52.00,Americano Dingin,CASH,Selesai,1,12000,12000
79e6510b,2d4e6adb,,23/04/2026,17.10.00,Teh Manis/Tawar Dingin,QRIS,Selesai,2,8000,16000
b2b49872,7d49cef9,,24/04/2026,09.14.00,Sanger Panas,CASH,Selesai,1,15000,15000
679eca18,463ec542,,24/04/2026,16.18.00,Badak Susu,CASH,Selesai,1,15000,15000
ef7a60d8,ff600a4d,,24/04/2026,16.34.00,Air Mineral,CASH,Selesai,1,5000,5000
ee499001,b8a137ca,,24/04/2026,17.26.00,Air Mineral,QRIS,Selesai,1,5000,5000
2ee6f780,a3f98aed,,24/04/2026,17.15.00,Air Mineral,QRIS,Selesai,1,5000,5000
cf2cc249,ef3861a5,,25/04/2026,11.24.00,Badak,CASH,Selesai,1,10000,10000
afd1d561,517a21a7,,25/04/2026,12.09.00,Sanger Panas,CASH,Selesai,1,15000,15000
312da53f,644b60a7,,25/04/2026,12.32.00,Kopi Susu Gula Aren Panas,CASH,Selesai,1,20000,20000
0636ebc6,f71f276d,,25/04/2026,12.48.00,Latte Dingin,CASH,Selesai,1,18000,18000
26c53da1,8a5fc45f,,25/04/2026,15.00.00,Badak Susu,CASH,Selesai,1,15000,15000
46e7612b,8a5fc45f,,25/04/2026,15.00.00,Teh Manis/Tawar Dingin,CASH,Selesai,1,8000,8000
9b5ad864,8a5fc45f,,25/04/2026,15.00.00,Air Mineral,CASH,Selesai,2,5000,10000
b5358cc4,86b64760,,25/04/2026,15.16.00,Badak,CASH,Selesai,1,10000,10000
b78e38cc,8d02e456,,25/04/2026,15.37.00,Teh Manis/Tawar Dingin,CASH,Selesai,1,8000,8000
ce505d8f,7e04d1a0,,25/04/2026,16.02.00,Badak,QRIS,Selesai,1,10000,10000
a394866e,8d53ea92,,25/04/2026,16.03.00,Badak,CASH,Selesai,1,10000,10000
6e3752e2,4ad7780c,,25/04/2026,16.45.00,Sanger Panas,CASH,Selesai,1,15000,15000
62ae10e0,6faf4e3c,,25/04/2026,17.11.00,Sanger Dingin,QRIS,Selesai,2,15000,30000
e477cd10,9c594042,,25/04/2026,17.12.00,Badak Susu,QRIS,Selesai,2,15000,30000
438b10fa,9c594042,,25/04/2026,17.12.00,Sanger Dingin,QRIS,Selesai,1,15000,15000
85597741,92eb51b0,,26/04/2026,08.43.00,Teh Manis/Tawar Panas,CASH,Selesai,1,8000,8000
2dc2df9d,be595a27,,26/04/2026,08.59.00,Air Mineral,CASH,Selesai,1,5000,5000
9bd4cf5c,1426c439,,26/04/2026,09.32.00,Badak,QRIS,Selesai,1,10000,10000
3bdfb042,b2d4a096,,26/04/2026,00.00.00,Air Mineral,CASH,Selesai,1,5000,5000
870449fe,1deff63f,,26/04/2026,00.00.00,Air Mineral,CASH,Selesai,1,5000,5000
658241d0,97331db1,,26/04/2026,12.05.00,Sanger Dingin,CASH,Selesai,1,15000,15000
d1c8436e,97331db1,,26/04/2026,12.05.00,Teh Manis/Tawar Dingin,CASH,Selesai,1,8000,8000
d809be39,97331db1,,26/04/2026,12.05.00,Air Mineral,CASH,Selesai,1,5000,5000
9e066fb9,2d547336,,26/04/2026,00.00.00,Badak,QRIS,Selesai,1,10000,10000
7d61bf74,0726fc44,,26/04/2026,00.00.00,Badak,CASH,Selesai,1,10000,10000
caeb8a94,34ef34f9,,26/04/2026,13.02.00,Sanger Dingin,QRIS,Selesai,1,15000,15000
5ae678f8,34ef34f9,,26/04/2026,13.02.00,Kopi Susu Gula Aren Dingin,QRIS,Selesai,1,20000,20000
eb337698,34ef34f9,,26/04/2026,13.02.00,Segala Tempe Original,QRIS,Selesai,1,15000,15000
a415e97c,61b93362,,26/04/2026,13.03.00,Segala Tempe Original,CASH,Selesai,1,15000,15000
ac714857,61b93362,,26/04/2026,13.03.00,Sanger Dingin,CASH,Selesai,1,15000,15000
ac61f2ea,61b93362,,26/04/2026,13.03.00,Air Mineral,CASH,Selesai,1,5000,5000
a4dc9058,280ebb68,,26/04/2026,13.39.00,Air Mineral,CASH,Selesai,1,5000,5000
c12b141b,0aa5f1e9,,26/04/2026,13.46.00,Kopi Susu Gula Aren Dingin,QRIS,Selesai,1,20000,20000
b888f02a,61b93362,,26/04/2026,00.00.00,Segala Tempe Original,CASH,Selesai,1,15000,15000
4fbc0f48,c8ac4854,,26/04/2026,14.05.00,Americano Dingin,QRIS,Selesai,1,12000,12000
0b906c31,c90763a3,,26/04/2026,15.37.00,Sanger Panas,QRIS,Selesai,1,15000,15000
1d242393,c90763a3,,26/04/2026,15.37.00,Sanger Dingin,QRIS,Selesai,1,15000,15000
2ef5b986,e137912b,,26/04/2026,16.28.00,Sanger Panas,CASH,Selesai,1,15000,15000
b7b6c84b,e6338ac3,,26/04/2026,17.14.00,Sanger Panas,QRIS,Selesai,1,15000,15000
66d90b9e,92073bcc,,26/04/2026,17.27.00,Teh Manis/Tawar Dingin,CASH,Selesai,1,8000,8000
605a5739,92073bcc,,26/04/2026,17.27.00,Teh Manis/Tawar Panas,CASH,Selesai,1,8000,8000
ca0a488c,1cfa1b8f,,27/04/2026,08.38.00,Badak,QRIS,Selesai,1,10000,10000
7cf5018c,215741a1,,27/04/2026,10.09.00,Sanger Dingin,CASH,Selesai,1,15000,15000
2180575a,f5534bde,,27/04/2026,12.18.00,Teh Manis/Tawar Dingin,QRIS,Selesai,1,8000,8000
8cc54479,50656819,,27/04/2026,14.41.00,Air Mineral,QRIS,Selesai,1,5000,5000
0019c673,567d93e0,,27/04/2026,14.55.00,Americano Dingin,CASH,Selesai,1,12000,12000
e6484aae,9ba8c035,,27/04/2026,15.13.00,Sanger Panas,QRIS,Selesai,1,15000,15000
cfaef5d3,e475525a,,27/04/2026,14.46.00,Air Mineral,CASH,Selesai,1,5000,5000
de3f3374,1cbb3dc5,,27/04/2026,16.04.00,Air Mineral,QRIS,Selesai,1,5000,5000
ce1836b9,f99aaa06,,27/04/2026,16.17.00,Air Mineral,CASH,Selesai,1,5000,5000
cdff2482,69c32f3a,,27/04/2026,16.42.00,Air Mineral,CASH,Selesai,1,5000,5000
f6e412f7,739ef3f2,,27/04/2026,17.14.00,Sanger Panas,CASH,Selesai,1,15000,15000
4c48b2b2,739ef3f2,,27/04/2026,17.14.00,Air Mineral,CASH,Selesai,1,5000,5000
4245e0c2,df11ee6a,,28/04/2026,10.22.00,Sanger Panas,CASH,Selesai,1,15000,15000
75452959,3c4bca2f,,28/04/2026,10.39.00,Air Mineral,CASH,Selesai,1,5000,5000
efbce9c2,0ba928b2,,28/04/2026,10.53.00,Sanger Panas,CASH,Selesai,1,15000,15000
5e30bd12,aaab7b55,,28/04/2026,11.25.00,Sanger Dingin,QRIS,Selesai,1,15000,15000
f58c91aa,aaab7b55,,28/04/2026,11.25.00,Teh Manis/Tawar Dingin,QRIS,Selesai,2,8000,16000
290305fd,995bfad7,,28/04/2026,11.44.00,Sanger Panas,QRIS,Selesai,1,15000,15000
926fbbba,71ad20c2,,28/04/2026,00.00.00,Air Mineral,QRIS,Selesai,1,5000,5000
cacb7b08,14583b54,,28/04/2026,14.12.00,Latte Dingin,CASH,Selesai,1,18000,18000
5f975641,14583b54,,28/04/2026,14.12.00,Air Mineral,CASH,Selesai,1,5000,5000
114f3165,230f4061,,28/04/2026,15.22.00,Sanger Dingin,CASH,Selesai,1,15000,15000
980a2b7e,230f4061,,28/04/2026,15.22.00,Air Mineral,CASH,Selesai,1,5000,5000
e5b97734,2a840d50,,28/04/2026,16.30.00,Badak,CASH,Selesai,1,10000,10000
cf52d24d,f558a5d4,,29/04/2026,08.25.00,Air Mineral,QRIS,Selesai,1,5000,5000
c2a1157b,1eb97328,,29/04/2026,09.04.00,Americano Panas,QRIS,Selesai,3,10000,30000
7f7f0f68,1eb97328,,29/04/2026,00.00.00,Badak,QRIS,Selesai,1,10000,10000
6fe1e5fc,1eb97328,,29/04/2026,00.00.00,Air Mineral,QRIS,Selesai,1,5000,5000
5595bd45,c88de2b8,,29/04/2026,09.56.00,Teh Manis/Tawar Panas,CASH,Selesai,1,8000,8000
6970d5d1,f2849452,,30/04/2026,10.43.00,Teh Manis/Tawar Panas,CASH,Selesai,1,8000,8000
c546360f,f2849452,,30/04/2026,10.43.00,Teh Manis/Tawar Dingin,CASH,Selesai,1,8000,8000
43e98fb3,f76a3663,,30/04/2026,12.53.00,Badak,CASH,Selesai,1,0,0
b9872794,03c74e8e,,30/04/2026,18.02.00,Sanger Dingin,,Selesai,1,0,0
37741261,c109a870,,30/04/2026,18.03.00,Kopi Susu Gula Aren Dingin,,Selesai,1,0,0
dcf85310,09f25b45,,30/04/2026,18.03.00,Latte Panas,,Selesai,1,0,0
8b459be7,50db9483,,01/05/2026,08.50.00,Badak,CASH,Selesai,1,10000,10000
3de86997,e38f2027,,01/05/2026,09.34.00,Badak,QRIS,Selesai,1,10000,10000
c9319bf4,025401f4,,01/05/2026,09.17.00,Air Mineral,CASH,Selesai,1,5000,5000
65276f76,f51ff381,,01/05/2026,12.36.00,Kopi Susu Gula Aren Panas,CASH,Selesai,1,20000,20000
a49286d4,bc9a33f1,,01/05/2026,13.11.00,Kopi Susu Gula Aren Dingin,CASH,Selesai,1,20000,20000
1a08326b,7eaf71f7,,01/05/2026,14.32.00,Air Mineral,QRIS,Selesai,1,5000,5000
ec6b11c6,b4e44e74,,01/05/2026,15.17.00,Latte Panas,CASH,Selesai,1,18000,18000
a368451c,6c0f0ea7,,01/05/2026,16.11.00,Teh Manis/Tawar Panas,CASH,Selesai,1,8000,8000
478c0096,dd37f825,,01/05/2026,16.54.00,Sanger Panas,CASH,Selesai,1,15000,15000
df4ec27c,9e705ecf,,01/05/2026,17.23.00,Kopi Susu Gula Aren Dingin,CASH,Selesai,1,20000,20000
12f7a572,c4e7eb21,,01/05/2026,17.31.00,Sanger Panas,CASH,Selesai,1,15000,15000
e8b745e1,7a9006d9,,02/05/2026,08.54.00,,CASH,Selesai,,,0
7463676e,6843cdc0,,02/05/2026,08.54.00,Badak,CASH,Selesai,1,10000,10000
15efb63f,8512e1c7,,02/05/2026,09.15.00,Badak,QRIS,Selesai,1,10000,10000
276279ed,1c77844b,,02/05/2026,09.56.00,Badak,QRIS,Selesai,1,10000,10000
64b9b029,30bd3589,,02/05/2026,10.36.00,Air Mineral,CASH,Selesai,1,5000,5000
ff2d8a9a,30bd3589,,02/05/2026,10.36.00,Americano Panas,CASH,Selesai,1,10000,10000
0028c766,3844bc73,,02/05/2026,11.44.00,Sanger Dingin,CASH,Selesai,1,10000,10000
57bf6258,3479d200,,02/05/2026,12.01.00,Air Mineral,CASH,Selesai,1,5000,5000
5fb4f494,181b62f2,,02/05/2026,13.19.00,Air Mineral,CASH,Selesai,1,5000,5000
fae5f353,d197edf8,,02/05/2026,18.18.00,Kopi Susu Gula Aren Dingin,QRIS,Selesai,1,20000,20000
908ffb29,d197edf8,,02/05/2026,18.18.00,Americano Dingin,QRIS,Selesai,1,12000,12000
66c2850c,e9730246,,02/05/2026,18.52.00,Air Mineral,QRIS,Selesai,1,5000,5000
afd6418f,52297fef,,03/05/2026,09.26.00,Sanger Dingin,CASH,Selesai,1,13000,13000
482dbc98,b62d225b,,03/05/2026,10.10.00,Air Mineral,CASH,Selesai,2,5000,10000
dcdd5b52,4a06fd75,,03/05/2026,09.49.00,Latte Panas,QRIS,Selesai,1,16000,16000
4de83c14,8116bf1e,,03/05/2026,10.32.00,Badak,QRIS,Selesai,1,10000,10000
3219afec,aa142b14,,03/05/2026,11.28.00,Teh Manis/Tawar Dingin,CASH,Selesai,3,8000,24000
3e86bc07,653eb848,,03/05/2026,11.29.00,Sanger Dingin,CASH,Selesai,1,10000,10000
5caf867f,c1c6bca8,,03/05/2026,11.14.00,Air Mineral,CASH,Selesai,1,5000,5000
7bb8bd18,582cc5f1,,03/05/2026,12.08.00,Sanger Dingin,CASH,Selesai,1,15000,15000
0a891e23,9e892ee4,,03/05/2026,12.19.00,Sanger Panas,CASH,Selesai,1,15000,15000
7e8a1f15,bae7f014,,03/05/2026,16.01.00,Teh Manis/Tawar Dingin,CASH,Selesai,1,8000,8000
97e19c57,6c4ebc75,,03/05/2026,17.22.00,Sanger Panas,CASH,Selesai,1,15000,15000
e0f5670f,3a18d9de,,04/05/2026,08.56.00,Sanger Panas,CASH,Selesai,1,13000,13000
07af0d3f,e3fcf0c6,,04/05/2026,10.23.00,Sanger Panas,CASH,Selesai,1,13000,13000
bad646f0,5bcec470,,04/05/2026,14.56.00,Sanger Dingin,CASH,Selesai,1,15000,15000
3152cb84,cef26a9c,,04/05/2026,17.00.00,Americano Dingin,QRIS,Selesai,1,12000,12000
6638a77b,f61a1b15,,04/05/2026,18.52.00,Sanger Dingin,QRIS,Selesai,1,15000,15000
45d1cd1d,f3e1bcfd,,05/05/2026,08.35.00,,CASH,Selesai,,,0
9f2e0350,66adf2ca,,05/05/2026,00.00.00,Badak Susu,CASH,Selesai,2,15000,30000
fcae1c60,66adf2ca,,05/05/2026,00.00.00,Badak,CASH,Selesai,1,10000,10000
af26e1e8,66adf2ca,,05/05/2026,00.00.00,Teh Manis/Tawar Panas,CASH,Selesai,1,8000,8000
335601bc,66adf2ca,,05/05/2026,00.00.00,Air Mineral,CASH,Selesai,1,5000,5000
b5118120,c6cdd892,,05/05/2026,10.41.00,Teh Manis/Tawar Dingin,CASH,Selesai,1,8000,8000
a3a99fbf,14e85dc3,,05/05/2026,11.10.00,,CASH,Selesai,,,0
5fe367b7,cfc442cf,,05/05/2026,13.20.00,Sanger Panas,CASH,Selesai,1,15000,15000
c495ce28,cfc442cf,,05/05/2026,13.20.00,Air Mineral,CASH,Selesai,1,5000,5000
18352d1b,f79c821b,,05/05/2026,00.00.00,Sanger Panas,QRIS,Selesai,1,15000,15000
c0b3b0bf,fac3edcc,,05/05/2026,15.44.00,Badak,,,1,10000,10000
02e18bfd,4d492590,,05/05/2026,15.47.00,Sanger Dingin,QRIS,Selesai,1,15000,15000
d6a93eda,98d56a72,,05/05/2026,16.24.00,Sanger Panas,CASH,Selesai,1,15000,15000
fc962d94,600b875b,,05/05/2026,16.45.00,Americano Panas,CASH,Selesai,1,12000,12000
9544af1e,600b875b,,05/05/2026,16.45.00,Americano Dingin,CASH,Selesai,1,12000,12000
5fe4d59f,0febe336,,06/05/2026,16.22.00,Teh Manis/Tawar Dingin,CASH,Selesai,1,8000,8000
a90f47f9,25a84c42,,06/05/2026,17.25.00,Sanger Panas,QRIS,Selesai,1,15000,15000
10f14e4f,b0219b6d,,07/05/2026,09.02.00,Sanger Panas,CASH,Selesai,1,13000,13000
b9762baf,d77e0a8a,,07/05/2026,11.23.00,Americano Panas,CASH,Selesai,1,10000,10000
c2175246,d77e0a8a,,07/05/2026,11.23.00,Badak,CASH,Selesai,1,10000,10000
525b6f6b,d77e0a8a,,07/05/2026,11.23.00,Segala Tempe Original,CASH,Selesai,1,15000,15000
5981d927,c664a1be,,07/05/2026,16.06.00,Kopi Susu Gula Aren Dingin,CASH,Selesai,1,20000,20000
b18651d4,5b939364,,07/05/2026,17.25.00,Sanger Panas,QRIS,Selesai,1,15000,15000
eccacc91,5b939364,,07/05/2026,17.25.00,Air Mineral,QRIS,Selesai,1,5000,5000
c836041d,53276aa2,,08/05/2026,11.35.00,Kopi Susu Gula Aren Dingin,QRIS,Selesai,1,20000,20000
d6d59238,dc396b65,,08/05/2026,12.06.00,Sanger Dingin,CASH,Selesai,1,15000,15000
fd38a8d1,b89c89c8,,08/05/2026,14.46.00,Sanger Panas,CASH,Selesai,1,15000,15000
a1dd2883,7448ad6b,,08/05/2026,16.20.00,Sanger Panas,CASH,Selesai,2,15000,30000
f0d18a01,a98efeb0,,09/05/2026,11.21.00,Air Mineral,CASH,Selesai,1,5000,5000
ad8d33d6,9a5b7993,,09/05/2026,13.31.00,Sanger Dingin,CASH,Selesai,1,15000,15000
37c111c7,9a5b7993,,09/05/2026,13.31.00,Badak,CASH,Selesai,1,10000,10000
533f3641,c088dacd,,09/05/2026,13.43.00,Badak,QRIS,Selesai,1,10000,10000
7a3f3c07,802323d4,,09/05/2026,13.46.00,Segala Tempe Original,CASH,Selesai,1,15000,15000
3d185e4f,87d0bd4a,,09/05/2026,17.04.00,Americano Panas,CASH,Selesai,1,12000,12000
18a944b3,57aa1faf,,09/05/2026,17.20.00,Badak,CASH,Selesai,1,10000,10000
e7e0cb02,ed6e9ee3,,10/05/2026,00.00.00,Teh Manis/Tawar Dingin,CASH,Selesai,3,8000,24000
d71bf430,60789737,,10/05/2026,10.45.00,Sanger Dingin,CASH,Selesai,1,13000,13000
f081fa5c,60789737,,10/05/2026,10.45.00,Americano Dingin,CASH,Selesai,1,10000,10000
213f1fae,bff4c6b0,,10/05/2026,10.57.00,Sanger Panas,CASH,Selesai,1,13000,13000
176dff6b,42805e6f,,10/05/2026,11.58.00,Latte Panas,CASH,Selesai,1,18000,18000
9162b280,9f985acb,,10/05/2026,11.59.00,Kopi Susu Gula Aren Dingin,CASH,Selesai,1,20000,20000
c0e6a750,9f985acb,,10/05/2026,11.59.00,Teh Manis/Tawar Dingin,CASH,Selesai,1,8000,8000
abb55ba8,4da093b0,,10/05/2026,00.00.00,Latte Panas,CASH,Selesai,1,18000,18000
535bbd11,4da093b0,,10/05/2026,00.00.00,Air Mineral,CASH,Selesai,1,5000,5000
3a737bd0,8184dfcd,,10/05/2026,00.00.00,Kopi Susu Gula Aren Dingin,CASH,Selesai,1,20000,20000
f5aa4f15,fb8fa687,,10/05/2026,13.54.00,Kopi Susu Gula Aren Panas,CASH,Selesai,1,20000,20000
b7a14469,8d6998e5,,10/05/2026,00.00.00,Teh Manis/Tawar Dingin,CASH,Selesai,1,8000,8000
485142bc,e6daffbb,,10/05/2026,15.05.00,Sanger Dingin,CASH,Selesai,1,15000,15000
c541452e,38716c7b,,10/05/2026,15.23.00,Sanger Dingin,QRIS,Selesai,1,15000,15000
46219efd,d1061b02,MN-06-01,11/05/2026,09.18.00,Kopi Susu Gula Aren Dingin,QRIS,Selesai,1,18000,18000
19818c71,51749785,MN-08-01,11/05/2026,09.33.00,Teh Manis/Tawar Dingin,CASH,Selesai,1,8000,8000
f2254527,58590930,MN-01,11/05/2026,15.34.00,Air Mineral,CASH,Selesai,1,5000,5000
1629fc91,58590930,MN-05-02,11/05/2026,15.34.00,Sanger Panas,CASH,Selesai,1,15000,15000
9ab4b0ba,8c5e7c0b,MN-08-02,11/05/2026,16.15.00,Teh Manis/Tawar Panas,CASH,Selesai,2,8000,16000
368b350f,41ad95e3,MN-01,11/05/2026,16.41.00,Air Mineral,,,1,5000,5000
9a6cd6d1,4bcf68ad,MN-05-01,12/05/2026,09.19.00,Sanger Dingin,CASH,Selesai,1,13000,13000
53872520,2e8612e1,MN-08-02,12/05/2026,10.36.00,Teh Manis/Tawar Panas,QRIS,Selesai,2,8000,16000
09ad42ca,9fcd03dc,MN-08-01,12/05/2026,10.42.00,Teh Manis/Tawar Dingin,CASH,Selesai,1,8000,8000
0283b2bd,2e8612e1,MN-03,12/05/2026,10.36.00,Badak Susu,QRIS,Selesai,2,15000,30000
f3dbd712,804341c4,MN-04-02,12/05/2026,12.46.00,Americano Panas,CASH,Selesai,1,12000,12000
923ffda5,faf9be63,MN-08-02,12/05/2026,16.32.00,Teh Manis/Tawar Panas,CASH,Selesai,1,8000,8000
d537f0cb,b79c38ba,MN-05-02,12/05/2026,16.34.00,Sanger Panas,CASH,Selesai,1,15000,15000
bc9f11a9,26af79ce,MN-05-02,13/05/2026,10.06.00,Sanger Panas,QRIS,Selesai,1,13000,13000
2dc6ea93,f7de25ba,MN-08-01,13/05/2026,10.40.00,Teh Manis/Tawar Dingin,QRIS,Selesai,1,8000,8000
6d6c63b8,14f3bf97,MN-03,13/05/2026,12.40.00,Badak Susu,CASH,Selesai,1,15000,15000
04cd189e,50214fdb,MN-01,13/05/2026,13.15.00,Air Mineral,QRIS,Selesai,1,5000,5000
90f4c42b,6b4b2571,MN-02,13/05/2026,13.53.00,Badak,CASH,Selesai,2,10000,20000
cf9cd209,8f5b634f,MN-03,13/05/2026,13.59.00,Badak Susu,CASH,Selesai,1,10000,10000
ed22251f,8559ac84,MN-01,13/05/2026,14.49.00,Air Mineral,CASH,Selesai,1,5000,5000
c90aa572,9bb1b8cd,MN-02,13/05/2026,15.23.00,Badak,CASH,Selesai,1,10000,10000
987eb267,306cbf59,MN-08-01,13/05/2026,00.00.00,Teh Manis/Tawar Dingin,CASH,Selesai,1,8000,8000
2a04db1f,6b4b2571,MN-04-02,13/05/2026,13.53.00,Americano Panas,CASH,Selesai,1,12000,12000
096c0f1f,6b4b2571,MN-04-02,13/05/2026,13.53.00,Americano Panas,CASH,Selesai,1,12000,12000
ba27729a,6b4b2571,MN-01,13/05/2026,13.53.00,Air Mineral,CASH,Selesai,1,5000,5000
2173ec7c,8559ac84,MN-04-02,13/05/2026,14.49.00,Americano Panas,CASH,Selesai,1,12000,12000
f54a63d5,f7de25ba,MN-01,13/05/2026,10.40.00,Air Mineral,QRIS,Selesai,1,5000,5000
6be6fa36,da4ea40a,MN-03,14/05/2026,09.53.00,Badak Susu,CASH,Selesai,1,15000,15000
f39ef73e,da4ea40a,MN-08-01,14/05/2026,09.53.00,Teh Manis/Tawar Dingin,CASH,Selesai,1,8000,8000
45ed50d9,97c894b2,MN-04-02,14/05/2026,10.22.00,Americano Panas,CASH,Selesai,1,10000,10000
d1e839e4,da4ea40a,MN-08-01,14/05/2026,09.53.00,Teh Manis/Tawar Dingin,CASH,Selesai,1,8000,8000
1f4c85b9,cd4d51f5,MN-02,14/05/2026,10.53.00,Badak,CASH,Selesai,1,10000,10000
de71a313,d6efc3f8,MN-05-02,14/05/2026,11.40.00,Sanger Panas,CASH,Selesai,1,15000,15000
acf2ac80,821b1213,MN-02,14/05/2026,00.00.00,Badak,QRIS,Selesai,1,10000,10000
ac0b1e08,821b1213,MN-01,14/05/2026,00.00.00,Air Mineral,QRIS,Selesai,1,5000,5000
66c93dd2,24d3d83d,MN-05-02,14/05/2026,12.26.00,Sanger Panas,CASH,Selesai,1,0,0
c94a6f35,ba5f8c63,MN-08-01,14/05/2026,12.27.00,Teh Manis/Tawar Dingin,CASH,Selesai,1,0,0
dfcc1ef0,67e002d4,MN-08-01,14/05/2026,14.08.00,Teh Manis/Tawar Dingin,CASH,Selesai,2,8000,16000
9f80761f,a4d3f831,MN-05-01,14/05/2026,14.39.00,Sanger Dingin,QRIS,Selesai,1,15000,15000
ab4938fc,a4d3f831,MN-01,14/05/2026,14.39.00,Air Mineral,QRIS,Selesai,1,5000,5000
67c8a1a7,4a4ee6f9,MN-05-01,14/05/2026,15.32.00,Sanger Dingin,CASH,Selesai,1,15000,15000
b270e5e4,4a4ee6f9,MN-03,14/05/2026,15.32.00,Badak Susu,CASH,Selesai,1,15000,15000
eace0522,76013445,MN-02,14/05/2026,15.34.00,Badak,CASH,Selesai,1,0,0
5118e0af,a562246f,MN-01,14/05/2026,16.37.00,Air Mineral,CASH,Selesai,1,5000,5000
22ed291c,2d55b077,MN-03,14/05/2026,16.40.00,Badak Susu,CASH,Selesai,1,15000,15000
a597d8df,c7d0fae1,MN-02,14/05/2026,17.20.00,Badak,CASH,Selesai,1,10000,10000
6408b50f,c7d0fae1,MN-04-02,14/05/2026,17.20.00,Americano Panas,CASH,Selesai,1,12000,12000
8d6a157f,51f03cc0,MN-01,15/05/2026,09.39.00,Air Mineral,CASH,Selesai,1,5000,5000
e6cb0e21,8d119e1d,MN-01,15/05/2026,09.35.00,Air Mineral,CASH,Selesai,1,5000,5000
98d5f3c7,dc4f71c9,MN-05-02,15/05/2026,10.09.00,Sanger Panas,QRIS,Selesai,1,13000,13000
ec030ccc,73cade6c,MN-05-01,15/05/2026,11.30.00,Sanger Dingin,CASH,Selesai,1,15000,15000
c102ff5f,21d9f82f,MN-08-01,15/05/2026,11.37.00,Teh Manis/Tawar Dingin,CASH,Selesai,1,0,0
4ab7d5f8,36f56794,MN-03,15/05/2026,14.01.00,Badak Susu,CASH,Selesai,1,15000,15000
ef9a5da4,2123c1cf,MN-05-02,15/05/2026,14.03.00,Sanger Panas,CASH,Selesai,1,15000,15000
26b32bdc,5b4e4114,MN-05-02,15/05/2026,14.05.00,Sanger Panas,CASH,Selesai,1,15000,15000
47633f15,5b4e4114,MN-05-01,15/05/2026,14.05.00,Sanger Dingin,CASH,Selesai,1,15000,15000
173868da,66389591,MN-05-01,15/05/2026,14.52.00,Sanger Dingin,CASH,Selesai,1,15000,15000
8e394d46,3e53c328,MN-05-02,15/05/2026,15.15.00,Sanger Panas,CASH,Selesai,1,0,0
48dc1708,b9acd93d,MN-04-02,15/05/2026,19.40.00,Americano Panas,,,10,,0
77b06eb3,3cc60cf8,MN-05-02,16/05/2026,10.01.00,Sanger Panas,CASH,Selesai,1,10000,10000
9aea72bb,bad3bdde,MN-08-02,16/05/2026,10.01.00,Teh Manis/Tawar Panas,CASH,Selesai,1,0,0
a08c5b77,bf6d14b9,MN-05-02,16/05/2026,10.41.00,Sanger Panas,CASH,Selesai,1,13000,13000
99cc1d98,1b16e2a8,MN-01,16/05/2026,14.27.00,Air Mineral,CASH,Selesai,1,5000,5000
8902c050,ef280388,MN-01,16/05/2026,14.55.00,Air Mineral,CASH,Selesai,1,5000,5000
1f0b5bce,5133ada6,MN-05-01,16/05/2026,15.23.00,Sanger Dingin,CASH,Selesai,1,0,0
ff35f5c7,0eba5fad,MN-01,17/05/2026,08.26.00,Air Mineral,CASH,Selesai,1,5000,5000
df3f3d54,9450743f,MN-01,17/05/2026,09.52.00,Air Mineral,CASH,Selesai,1,5000,5000
b1a59f22,9450743f,MN-08-02,17/05/2026,09.52.00,Teh Manis/Tawar Panas,CASH,Selesai,1,8000,8000
4ff3a0ae,1b632a76,MN-08-01,17/05/2026,10.25.00,Teh Manis/Tawar Dingin,CASH,Selesai,1,8000,8000
1bd9796e,cb0e1d76,MN-05-02,17/05/2026,12.11.00,Sanger Panas,CASH,Selesai,1,15000,15000
15bfcf2c,cb0e1d76,MN-01,17/05/2026,00.00.00,Air Mineral,CASH,Selesai,1,5000,5000
34e22d0d,312d34e9,MN-03,17/05/2026,00.00.00,Badak Susu,QRIS,Selesai,1,15000,15000
fc3dd661,312d34e9,MN-04-02,17/05/2026,00.00.00,Americano Panas,QRIS,Selesai,1,12000,12000
cf7a71bc,312d34e9,MN-05-01,17/05/2026,00.00.00,Sanger Dingin,QRIS,Selesai,1,15000,15000
2199c39a,b8458a5b,MN-01,17/05/2026,14.37.00,Air Mineral,CASH,Selesai,1,0,0
10de5ce6,6782d3c5,MN-05-02,17/05/2026,14.59.00,Sanger Panas,CASH,Selesai,1,15000,15000
e0b07089,77aa8b2d,MN-04-02,17/05/2026,16.13.00,Americano Panas,CASH,Selesai,1,12000,12000
ec272979,43d4c7bd,MN-02,17/05/2026,15.46.00,Badak,QRIS,Selesai,1,10000,10000
ec350336,616cad32,MN-04-02,17/05/2026,16.27.00,Americano Panas,CASH,Selesai,1,12000,12000
5a007b7d,897ffffe,MN-05-01,17/05/2026,17.28.00,Sanger Dingin,CASH,Selesai,1,15000,15000
0ee34b3c,7a826197,MN-08-02,18/05/2026,08.48.00,Teh Manis/Tawar Panas,CASH,Selesai,1,8000,8000
877ac7cb,73d568b1,MN-08-02,18/05/2026,08.50.00,Teh Manis/Tawar Panas,CASH,Selesai,2,8000,16000
646fd5f7,0dc356f0,MN-05-02,18/05/2026,10.20.00,Sanger Panas,CASH,Selesai,1,0,0
7c2de544,419cffa2,MN-05-02,18/05/2026,10.53.00,Sanger Panas,CASH,Selesai,1,13000,13000
0fda71ae,458df6e0,MN-05-02,18/05/2026,15.22.00,Sanger Panas,QRIS,Selesai,1,15000,15000
d2855247,5c04f843,MN-04-02,18/05/2026,16.42.00,Americano Panas,CASH,Selesai,1,12000,12000
aa1747ea,d6b51238,MN-08-01,19/05/2026,12.28.00,Teh Manis/Tawar Dingin,CASH,Selesai,1,8000,8000
0b17a74b,f0846ec3,MN-05-02,19/05/2026,14.38.00,Sanger Panas,CASH,Selesai,1,15000,15000
b7943c98,87dda1e2,MN-03,19/05/2026,14.40.00,Badak Susu,CASH,Selesai,1,15000,15000
971899c4,184f8b26,MN-02,19/05/2026,15.46.00,Badak,CASH,Selesai,1,10000,10000
542d1062,a1e90ecb,MN-03,19/05/2026,16.46.00,Badak Susu,CASH,Selesai,1,15000,15000
452c35d8,00e7aab3,MN-05-02,19/05/2026,18.34.00,Sanger Panas,CASH,Selesai,2,,0
77a1435d,5349be08,MN-05-02,20/05/2026,00.00.00,Sanger Panas,CASH,Selesai,1,13000,13000
38308c62,33ddda8a,MN-05-01,20/05/2026,13.20.00,Sanger Dingin,CASH,Selesai,1,0,0
c60974b7,df795558,MN-01,20/05/2026,14.32.00,Air Mineral,CASH,Selesai,1,5000,5000
381c3ff8,df795558,MN-05-01,20/05/2026,14.32.00,Sanger Dingin,CASH,Selesai,1,15000,15000
573862cf,0f19a459,MN-05-01,20/05/2026,15.25.00,Sanger Dingin,CASH,Selesai,2,15000,30000
9f0f9e73,dfd6de6a,MN-02,20/05/2026,15.45.00,Badak,QRIS,Selesai,1,10000,10000
0fd8680d,5a7a9dfd,MN-05-01,20/05/2026,16.32.00,Sanger Dingin,CASH,Selesai,1,15000,15000
ef2591de,45d6310b,MN-08-01,20/05/2026,16.35.00,Teh Manis/Tawar Dingin,CASH,Selesai,2,8000,16000
0f000a50,8a3cb277,MN-05-01,20/05/2026,16.52.00,Sanger Dingin,QRIS,Selesai,1,15000,15000
8272cb7a,c86b737f,MN-05-02,21/05/2026,09.50.00,Sanger Panas,CASH,Selesai,1,13000,13000
73bb8625,7a6ca67d,MN-04-01,21/05/2026,00.00.00,Americano Dingin,QRIS,Selesai,1,10000,10000
be601d6e,3b5ce4d1,MN-04-01,21/05/2026,12.07.00,Americano Dingin,QRIS,Selesai,1,12000,12000
0f86de7f,9b3a66c0,MN-04-01,21/05/2026,12.23.00,Americano Dingin,CASH,Selesai,1,12000,12000
2c84ca94,01fcab80,MN-08-01,21/05/2026,14.58.00,Teh Manis/Tawar Dingin,QRIS,Selesai,3,8000,24000
67c952fc,01fcab80,MN-05-01,21/05/2026,14.58.00,Sanger Dingin,QRIS,Selesai,1,15000,15000
e09cc524,df4a38b6,MN-04-02,21/05/2026,15.22.00,Americano Panas,CASH,Selesai,1,13000,13000
1dfc3c98,27ceea21,MN-05-01,21/05/2026,15.32.00,Sanger Dingin,CASH,Selesai,1,0,0
283966bd,b857d235,MKN-01,21/05/2026,18.49.00,Ayam Penyet,CASH,Selesai,1,25000,25000
1cdd4674,3e3ec473,CML-01,22/05/2026,08.21.00,Segala Tempe,CASH,Selesai,1,15000,15000
44a795a9,007db6f0,MN-05-02,22/05/2026,10.12.00,Sanger Panas,CASH,Selesai,1,0,0
dc28d835,81330af4,MN-05-02,22/05/2026,10.50.00,Sanger Panas,QRIS,Selesai,1,13000,13000
fabbe772,42971261,MN-05-01,22/05/2026,13.35.00,Sanger Dingin,CASH,Selesai,1,10000,10000
3c98f043,20b14f01,MN-05-01,22/05/2026,13.44.00,Sanger Dingin,QRIS,Selesai,2,15000,30000
33ef9ba2,36d18419,MN-05-01,22/05/2026,15.29.00,Sanger Dingin,CASH,Selesai,1,10000,10000
d369daef,6ca8fef6,MN-05-01,22/05/2026,15.31.00,Sanger Dingin,CASH,Selesai,1,15000,15000
9f7a2e81,6ca8fef6,MN-08-01,22/05/2026,15.31.00,Teh Manis/Tawar Dingin,CASH,Selesai,2,8000,16000
9d2b3189,cd09d3fd,MN-05-01,22/05/2026,17.20.00,Sanger Dingin,CASH,Selesai,1,0,0
6a259f54,7b26247c,MN-05-01,22/05/2026,17.44.00,Sanger Dingin,CASH,Selesai,1,15000,15000
3fa7a74b,7b26247c,MN-08-02,22/05/2026,17.44.00,Teh Manis/Tawar Panas,CASH,Selesai,1,8000,8000
8452c881,5cd55280,MN-08-01,22/05/2026,00.00.00,Teh Manis/Tawar Dingin,CASH,Selesai,1,8000,8000
5274ebff,5cd55280,MN-01,22/05/2026,00.00.00,Air Mineral,CASH,Selesai,1,5000,5000
79f372f1,1423a8d2,MN-02,23/05/2026,14.07.00,Badak,CASH,Selesai,1,10000,10000
c4840a09,1423a8d2,MN-08-01,23/05/2026,14.07.00,Teh Manis/Tawar Dingin,CASH,Selesai,1,8000,8000
2ab72ea1,c8c8e464,MN-08-02,23/05/2026,14.19.00,Teh Manis/Tawar Panas,CASH,Selesai,1,8000,8000
e207bdc7,ac2f95df,MN-02,23/05/2026,14.36.00,Badak,CASH,Selesai,1,10000,10000
b50fa8c3,82b33810,MN-03,23/05/2026,15.48.00,Badak Susu,CASH,Selesai,1,15000,15000
a50d980d,584144b7,MN-02,23/05/2026,15.50.00,Badak,QRIS,Selesai,1,10000,10000
6605233f,44d68afb,MN-03,23/05/2026,16.00.00,Badak Susu,CASH,Selesai,1,15000,15000
2a425dc4,2f67b433,MN-03,23/05/2026,16.26.00,Badak Susu,CASH,Selesai,1,15000,15000
f6bc81fa,a0482efc,,23/05/2026,16.47.00,,CASH,Selesai,,,0
28bf9f2a,61c339d2,MN-02,23/05/2026,17.22.00,Badak,CASH,Selesai,1,10000,10000
115db751,fb80b553,MN-05-02,24/05/2026,09.13.00,Sanger Panas,CASH,Selesai,1,0,0
a515c1f9,f4b55c3f,MN-08-02,24/05/2026,10.19.00,Teh Manis/Tawar Panas,CASH,Selesai,2,0,0
684eb5fb,a6260996,MN-01,24/05/2026,10.26.00,Air Mineral,QRIS,Selesai,1,5000,5000
e24d03be,a6260996,MN-05-02,24/05/2026,10.26.00,Sanger Panas,QRIS,Selesai,1,13000,13000
9f8f5ea8,a6260996,CML-02,24/05/2026,10.26.00,Sosis Goreng,QRIS,Selesai,1,12000,12000
4ea7d4d2,31ef732f,MN-04-01,24/05/2026,10.46.00,Americano Dingin,QRIS,Selesai,1,10000,10000
7e0cd207,e48f810f,MN-05-01,24/05/2026,10.47.00,Sanger Dingin,QRIS,Selesai,1,13000,13000
1e77d257,1bde4630,MN-05-02,24/05/2026,10.49.00,Sanger Panas,CASH,Selesai,1,13000,13000
3482c188,1bde4630,MN-01,24/05/2026,10.49.00,Air Mineral,CASH,Selesai,1,5000,5000
e9858efe,cd152260,MN-05-02,24/05/2026,11.15.00,Sanger Panas,CASH,Selesai,1,13000,13000
238d5580,f91e52b1,MN-05-02,24/05/2026,11.32.00,Sanger Panas,CASH,Selesai,1,15000,15000
01ffc63d,4c82f514,MN-05-02,24/05/2026,12.57.00,Sanger Panas,CASH,Selesai,1,15000,15000
3c8f89bb,dbeb2dc6,MN-05-01,24/05/2026,14.53.00,Sanger Dingin,CASH,Selesai,1,0,0
abe1a381,946c4463,MN-05-01,24/05/2026,15.13.00,Sanger Dingin,CASH,Selesai,1,15000,15000
f037882f,22dd12fe,MN-05-01,24/05/2026,15.58.00,Sanger Dingin,CASH,Selesai,1,0,0
1b6d7139,22dd12fe,MN-08-01,24/05/2026,15.58.00,Teh Manis/Tawar Dingin,CASH,Selesai,1,0,0
2a0235d4,05b11e4a,MN-05-02,24/05/2026,16.50.00,Sanger Panas,CASH,Selesai,1,15000,15000
764b50f3,40e059d5,MN-03,24/05/2026,17.25.00,Badak Susu,CASH,Selesai,1,15000,15000
b40ab991,999c1382,MN-04-02,25/05/2026,08.34.00,Americano Panas,CASH,Selesai,1,10000,10000
cdcaf0dd,fcda0121,CML-01,25/05/2026,00.00.00,Segala Tempe,CASH,Selesai,2,15000,30000
e83955f2,4775890f,MN-05-02,25/05/2026,11.21.00,Sanger Panas,CASH,Selesai,2,15000,30000
57784173,9dec343a,MN-05-01,25/05/2026,11.30.00,Sanger Dingin,QRIS,Selesai,1,15000,15000
301fba4e,62305878,MN-02,25/05/2026,12.49.00,Badak,QRIS,Selesai,1,10000,10000
96899746,c93766f2,MN-08-01,25/05/2026,12.50.00,Teh Manis/Tawar Dingin,,,2,,0
ffa5867b,3b6d3bbd,MN-05-02,25/05/2026,13.01.00,Sanger Panas,,,1,10000,10000
1beb77c5,aa750543,dc7fae08,25/05/2026,13.02.00,Indomie kuah,QRIS,Selesai,1,12000,12000
455822a6,5be63d78,MN-02,25/05/2026,13.08.00,Badak,QRIS,Selesai,1,10000,10000
dbe13d3e,2bc5440e,MN-02,25/05/2026,13.48.00,Badak,QRIS,Selesai,1,10000,10000
fa39a835,872516df,MN-08-02,26/05/2026,08.59.00,Teh Manis/Tawar Panas,CASH,Selesai,1,0,0
e0a01924,7b75b3fc,MN-08-01,26/05/2026,10.13.00,Teh Manis/Tawar Dingin,CASH,Selesai,1,0,0
153a8027,4ba1bf08,MN-01,26/05/2026,10.49.00,Air Mineral,CASH,Selesai,2,5000,10000
1d1fa2e0,4ba1bf08,MN-02,26/05/2026,10.49.00,Badak,CASH,Selesai,1,10000,10000
73f8f75a,32ae4218,,26/05/2026,12.01.00,,QRIS,Selesai,,,0
99f7bf3b,b62b7510,65291edd,26/05/2026,00.00.00,Indomie kuah jumbo,CASH,Selesai,1,15000,15000
50dbbc13,b62b7510,MN-01,26/05/2026,00.00.00,Air Mineral,CASH,Selesai,1,5000,5000
7e1e73de,72a3d524,MN-01,26/05/2026,13.14.00,Air Mineral,CASH,Selesai,1,5000,5000
dbebcfdf,e3803493,MN-08-01,26/05/2026,13.15.00,Teh Manis/Tawar Dingin,,,1,,0
11ee00ca,67175bdf,MN-01,26/05/2026,13.21.00,Air Mineral,QRIS,Selesai,1,5000,5000
684f6b1a,19e28f9c,MN-02,26/05/2026,13.56.00,Badak,QRIS,Selesai,1,10000,10000
d645a39f,a1284a43,MN-02,26/05/2026,14.18.00,Badak,CASH,Selesai,1,10000,10000
ef465075,a1284a43,e772160a,26/05/2026,14.18.00,Indomie goreng jumbo,CASH,Selesai,1,15000,15000
f5a20b59,26dcd6d3,MN-05-01,26/05/2026,14.44.00,Sanger Dingin,CASH,Selesai,3,0,0
4b2f3c6c,b38224c2,MN-04-02,26/05/2026,16.01.00,Americano Panas,CASH,Selesai,1,0,0
54fa9ea7,b38224c2,MN-01,26/05/2026,16.01.00,Air Mineral,CASH,Selesai,1,0,0
a81bd421,115505d4,MN-01,26/05/2026,16.08.00,Air Mineral,CASH,Selesai,1,5000,5000
b52f24ec,d6f85628,MN-08-02,29/05/2026,08.18.00,Teh Manis/Tawar Panas,CASH,Selesai,2,0,0
e7fbdb18,306c7f14,MN-01,29/05/2026,00.00.00,Air Mineral,CASH,Selesai,1,5000,5000
84fc39b4,55531cbe,MN-05-02,29/05/2026,10.31.00,Sanger Panas,CASH,Selesai,1,13000,13000
cb5c48c5,c864d900,MN-02,29/05/2026,10.48.00,Badak,CASH,Selesai,1,10000,10000
cc6a4ff6,8edce482,MN-08-01,29/05/2026,11.37.00,Teh Manis/Tawar Dingin,CASH,Selesai,1,0,0
1377046e,c864d900,MN-01,29/05/2026,10.48.00,Air Mineral,CASH,Selesai,3,5000,15000
,,,,,,,,,,
927c48e5,069e361b,MN-05-01,29/05/2026,14.00.00,Sanger Dingin,CASH,Selesai,1,15000,15000
78973828,fa3c778a,MN-05-02,29/05/2026,00.00.00,Sanger Panas,QRIS,Selesai,1,15000,15000
6d02fdb6,c864d900,MN-05-01,29/05/2026,10.48.00,Sanger Dingin,CASH,Selesai,1,15000,15000
dd21092c,e041aec8,MN-05-01,29/05/2026,14.25.00,Sanger Dingin,CASH,Selesai,1,0,0
a8a052ea,5a036139,MN-05-02,29/05/2026,14.28.00,Sanger Panas,CASH,Selesai,2,0,0
7c644760,fa3c778a,MN-01,29/05/2026,00.00.00,Air Mineral,QRIS,Selesai,1,5000,5000
80c65e9e,ba97aa9c,MN-05-02,29/05/2026,14.38.00,Sanger Panas,CASH,Selesai,1,0,0
4db33986,5bb18a0b,MN-04-01,29/05/2026,16.10.00,Americano Dingin,QRIS,Selesai,1,12000,12000
c9d8dad6,9a3e9bca,MN-08-01,29/05/2026,16.40.00,Teh Manis/Tawar Dingin,QRIS,Selesai,1,8000,8000
15ce9268,9a3e9bca,MN-05-01,29/05/2026,16.40.00,Sanger Dingin,QRIS,Selesai,1,15000,15000
c33cfe3c,5aafa52e,MN-08-01,30/05/2026,10.10.00,Teh Manis/Tawar Dingin,CASH,Selesai,1,8000,8000
00a2a087,b273aa28,MN-05-02,30/05/2026,11.00.00,Sanger Panas,CASH,Selesai,1,0,0
3deb4767,e9f47dfe,MN-04-02,30/05/2026,11.03.00,Americano Panas,CASH,Selesai,2,0,0
7b04a5d9,1584ee44,MN-04-02,30/05/2026,11.08.00,Americano Panas,CASH,Selesai,1,12000,12000
89ae339f,1584ee44,MN-01,30/05/2026,11.08.00,Air Mineral,CASH,Selesai,2,5000,10000
c1f2fb89,428c9a31,MN-05-02,30/05/2026,11.36.00,Sanger Panas,,,1,10000,10000
e2bf768d,a87018eb,MN-08-01,30/05/2026,11.54.00,Teh Manis/Tawar Dingin,QRIS,Selesai,1,8000,8000
f80873ee,e55c68d3,MN-08-01,30/05/2026,12.12.00,Teh Manis/Tawar Dingin,CASH,Selesai,1,8000,8000
77f694eb,91dbc4fe,MN-08-01,30/05/2026,12.22.00,Teh Manis/Tawar Dingin,CASH,Selesai,1,8000,8000
b3c78171,3b0022a3,MN-01,30/05/2026,00.00.00,Air Mineral,CASH,Selesai,1,5000,5000
768129c3,3b0022a3,MN-04-02,30/05/2026,00.00.00,Americano Panas,CASH,Selesai,1,12000,12000
b4868575,84ac47fe,MN-02,30/05/2026,13.21.00,Badak,QRIS,Selesai,2,10000,20000
ccf56c39,41fd9915,MN-05-01,30/05/2026,13.37.00,Sanger Dingin,CASH,Selesai,1,15000,15000
f877b675,9af23938,MN-02,30/05/2026,16.59.00,Badak,CASH,Selesai,1,10000,10000
9ada383c,b8b880f2,MN-04-02,30/05/2026,17.25.00,Americano Panas,CASH,Selesai,1,12000,12000
358809fe,f02dc233,MN-04-01,30/05/2026,17.25.00,Americano Dingin,CASH,Selesai,1,12000,12000
2505680b,f02dc233,dc7fae08,30/05/2026,17.25.00,Indomie kuah,CASH,Selesai,1,12000,12000
,,,,,,,,,,
1c9ec410,a53b58c1,MN-05-02,30/05/2026,17.25.00,Sanger Panas,CASH,Selesai,1,15000,15000
42115803,c3d42be7,MN-05-01,31/05/2026,09.29.00,Sanger Dingin,QRIS,Selesai,1,13000,13000
5196fdf3,ddbb4d14,MN-03,31/05/2026,09.55.00,Badak Susu,CASH,Selesai,1,15000,15000
fa3fe418,c2ffaa57,MN-05-01,31/05/2026,10.04.00,Sanger Dingin,CASH,Selesai,1,,0
c4b3ce25,2f5f0611,MN-01,31/05/2026,10.21.00,Air Mineral,CASH,Selesai,1,5000,5000
2f4b0629,136a73e4,MN-05-02,31/05/2026,11.24.00,Sanger Panas,CASH,Selesai,1,15000,15000
1aa011be,18726e4e,,31/05/2026,11.36.00,,CASH,Selesai,,,0
6f035a72,18726e4e,MN-05-01,31/05/2026,11.36.00,Sanger Dingin,CASH,Selesai,1,,0
50388fac,8c59571e,MN-02,31/05/2026,12.13.00,Badak,CASH,Selesai,1,10000,10000
cfc5b954,80bd8690,MN-05-02,31/05/2026,12.14.00,Sanger Panas,QRIS,Selesai,1,15000,15000
7f29a7aa,80bd8690,MN-01,31/05/2026,12.14.00,Air Mineral,QRIS,Selesai,1,5000,5000
a63d446d,c39c324f,MN-05-01,31/05/2026,13.17.00,Sanger Dingin,CASH,Selesai,1,15000,15000
cdb3a2b2,af84198a,MN-01,31/05/2026,14.24.00,Air Mineral,QRIS,Selesai,1,5000,5000
e6b260a9,7eab509f,MN-05-02,31/05/2026,14.27.00,Sanger Panas,CASH,Selesai,1,10000,10000
c4bbce31,e08e1624,MN-05-02,31/05/2026,14.52.00,Sanger Panas,QRIS,Selesai,1,15000,15000
63f99715,0abd34fe,MN-01,31/05/2026,00.00.00,Air Mineral,QRIS,Selesai,4,5000,20000
d16a6a0e,60d5422f,MN-01,31/05/2026,16.42.00,Air Mineral,CASH,Selesai,1,5000,5000
1659c98b,9a01da30,MN-08-02,01/06/2026,08.20.00,Teh Manis/Tawar Panas,CASH,Selesai,1,8000,8000
ffa0fbc6,d4431235,MN-08-02,01/06/2026,08.25.00,Teh Manis/Tawar Panas,CASH,Selesai,1,0,0
5b381264,71c92cdf,MN-05-01,01/06/2026,09.18.00,Sanger Dingin,CASH,Selesai,2,13000,26000
80019d84,508b0f5e,MN-05-02,01/06/2026,10.02.00,Sanger Panas,CASH,Selesai,2,13000,26000
aa77e554,9708f1bf,MN-05-02,01/06/2026,10.11.00,Sanger Panas,CASH,Selesai,1,13000,13000
6196c0be,9b0091e0,MN-05-02,01/06/2026,10.41.00,Sanger Panas,CASH,Selesai,2,0,0
23289d25,a3f218fa,MN-04-01,01/06/2026,11.16.00,Americano Dingin,CASH,Selesai,1,10000,10000
92cdf76c,e73bffd0,MN-08-01,01/06/2026,11.19.00,Teh Manis/Tawar Dingin,CASH,Selesai,1,8000,8000
aa03837d,567cec0f,MN-05-01,01/06/2026,11.40.00,Sanger Dingin,CASH,Selesai,1,15000,15000
4b5a6f2a,cf226c00,MN-05-01,01/06/2026,12.20.00,Sanger Dingin,CASH,Selesai,1,10000,10000
a8b9333a,4cf769fb,MN-05-01,01/06/2026,12.33.00,Sanger Dingin,CASH,Selesai,1,15000,15000
db64b9fe,082bff56,MKN-05,01/06/2026,13.38.00,Nasi Goreng Kampung,QRIS,Selesai,1,17000,17000
25dc2145,082bff56,MKN-01,01/06/2026,13.38.00,Ayam Penyet,QRIS,Selesai,1,25000,25000
6f5da3a0,082bff56,MN-02,01/06/2026,13.38.00,Badak,QRIS,Selesai,1,10000,10000
b6dea299,082bff56,MN-01,01/06/2026,13.38.00,Air Mineral,QRIS,Selesai,1,5000,5000
b8298b0a,1725c3e9,MN-02,01/06/2026,13.47.00,Badak,CASH,Selesai,1,10000,10000
c8a72040,b101c564,MN-05-02,01/06/2026,15.03.00,Sanger Panas,CASH,Selesai,1,15000,15000
6b29c321,69c8b688,MN-05-01,01/06/2026,15.46.00,Sanger Dingin,CASH,Selesai,1,15000,15000
43ea7950,50a5a065,MN-04-02,01/06/2026,16.22.00,Americano Panas,CASH,Selesai,1,12000,12000
1750cca4,7bb2769f,MN-02,01/06/2026,17.50.00,Badak,CASH,Selesai,2,10000,20000
0de7317a,c9ce815a,MN-01,01/06/2026,20.11.00,Air Mineral,,,1,5000,5000
c42cec39,74b8c8ec,MN-01,02/06/2026,00.00.00,Air Mineral,QRIS,Selesai,1,5000,5000
5d5a0761,05ff830e,MN-08-02,02/06/2026,09.29.00,Teh Manis/Tawar Panas,CASH,Selesai,1,8000,8000
0b332104,05ff830e,CML-03,02/06/2026,09.29.00,Nugget Goreng,CASH,Selesai,1,12000,12000
f009682a,fdd9ee2a,MN-05-01,02/06/2026,10.06.00,Sanger Dingin,CASH,Selesai,1,0,0
e9a8bc7f,e3385bc1,MN-03,02/06/2026,10.55.00,Badak Susu,CASH,Selesai,1,15000,15000
e965119f,8da16a53,MN-05-01,02/06/2026,13.41.00,Sanger Dingin,CASH,Selesai,1,0,0
ea780886,cfebfb27,MN-03,02/06/2026,14.02.00,Badak Susu,CASH,Selesai,1,15000,15000
e105fbdb,cfebfb27,MN-05-01,02/06/2026,14.02.00,Sanger Dingin,CASH,Selesai,1,15000,15000
d291b891,015d34cb,MN-05-01,02/06/2026,14.03.00,Sanger Dingin,CASH,Selesai,1,10000,10000
4b6aefe6,db1d5aa0,MN-08-01,02/06/2026,15.37.00,Teh Manis/Tawar Dingin,CASH,Selesai,2,8000,16000
4d323313,db1d5aa0,MKN-01,02/06/2026,15.37.00,Ayam Penyet,CASH,Selesai,2,25000,50000
a94cd737,167f3294,MN-01,03/06/2026,09.49.00,Air Mineral,CASH,Selesai,1,5000,5000
25cc4cb7,167f3294,MN-05-01,03/06/2026,09.49.00,Sanger Dingin,CASH,Selesai,1,13000,13000
d413e1ba,dd3debcd,MN-01,03/06/2026,11.24.00,Air Mineral,CASH,Selesai,1,5000,5000
b6a4774c,71fc018f,MN-05-01,03/06/2026,11.25.00,Sanger Dingin,CASH,Selesai,1,10000,10000
4664b226,28419d9b,MN-08-01,03/06/2026,13.48.00,Teh Manis/Tawar Dingin,QRIS,Selesai,1,8000,8000
4f19e311,28419d9b,MN-02,03/06/2026,13.48.00,Badak,QRIS,Selesai,1,10000,10000
ebc82d1c,28419d9b,CML-03,03/06/2026,13.48.00,Nugget Goreng,QRIS,Selesai,1,12000,12000
89057379,6897f1e3,MN-04-01,03/06/2026,14.03.00,Americano Dingin,CASH,Selesai,1,12000,12000
a72591b5,3f0e9ab9,MN-05-02,04/06/2026,10.37.00,Sanger Panas,CASH,Selesai,1,10000,10000
d8490604,6f5cc99c,MN-08-01,04/06/2026,16.04.00,Teh Manis/Tawar Dingin,CASH,Selesai,1,8000,8000
8f27082c,6f5cc99c,MN-07-01,04/06/2026,16.04.00,Kopi Late Panas,CASH,Selesai,1,18000,18000
5fdabe16,6f5cc99c,CML-02,04/06/2026,16.04.00,Sosis Goreng,CASH,Selesai,1,12000,12000
fd8a539d,0f88eba9,MN-04-02,05/06/2026,09.46.00,Americano Panas,QRIS,Selesai,1,10000,10000
570adfd4,b8020ab5,MN-05-01,05/06/2026,09.47.00,Sanger Dingin,CASH,Selesai,2,13000,26000
64b4f770,b8020ab5,MKN-09,05/06/2026,09.47.00,Indomie Goreng,CASH,Selesai,2,12000,24000
254e242c,b72a0196,MN-05-02,05/06/2026,09.51.00,Sanger Panas,CASH,Selesai,1,10000,10000
d7211494,4f191f48,MN-01,05/06/2026,09.50.00,Air Mineral,CASH,Selesai,1,5000,5000
80de9c88,91122c9e,MN-02,05/06/2026,12.59.00,Badak,CASH,Selesai,1,10000,10000
62be1ccc,91122c9e,MN-08-01,05/06/2026,12.59.00,Teh Manis/Tawar Dingin,CASH,Selesai,2,8000,16000
5a3c1eee,3ae80619,MN-05-02,05/06/2026,13.40.00,Sanger Panas,CASH,Selesai,1,15000,15000
d9913ec5,4f988616,MN-08-01,05/06/2026,14.14.00,Teh Manis/Tawar Dingin,QRIS,Selesai,2,8000,16000
ce6856e2,4f988616,CML-04,05/06/2026,14.14.00,Kentang Goreng,QRIS,Selesai,1,12000,12000
7fb9a34a,a2f0c98b,MN-05-01,05/06/2026,14.16.00,Sanger Dingin,CASH,Selesai,2,0,0
6c25ab46,0dbe4d58,MN-05-01,05/06/2026,14.35.00,Sanger Dingin,CASH,Selesai,1,10000,10000
28ae9d22,6536b3af,MN-01,06/06/2026,08.15.00,Air Mineral,CASH,Selesai,1,5000,5000
aca6d694,4f1ace71,MN-05-02,06/06/2026,09.34.00,Sanger Panas,CASH,Selesai,1,13000,13000
,,,,,,,,,,
,,,,,,,,,,
3ea1177b,8fbc1b42,MN-05-01,06/06/2026,11.53.00,Sanger Dingin,CASH,Selesai,1,15000,15000
3d34d1f7,547b56b2,MN-08-01,06/06/2026,11.55.00,Teh Manis/Tawar Dingin,CASH,Selesai,1,8000,8000
193562df,7a895662,MN-05-01,06/06/2026,11.58.00,Sanger Dingin,CASH,Selesai,1,0,0
a1c8e35f,73d7683d,MN-05-01,06/06/2026,12.43.00,Sanger Dingin,CASH,Selesai,3,15000,45000
7734c22f,73d7683d,CML-04,06/06/2026,12.43.00,Kentang Goreng,CASH,Selesai,1,12000,12000
ba69f90c,77224471,MN-01,06/06/2026,00.00.00,Air Mineral,QRIS,Selesai,1,5000,5000
338d327a,77224471,MKN-10,06/06/2026,00.00.00,Indomie goreng jumbo,QRIS,Selesai,1,15000,15000
,,,,,,,,,,
e63d96c6,77ec1fa1,MN-01,06/06/2026,14.33.00,Air Mineral,CASH,Selesai,1,5000,5000
0f906ee7,91e250c9,MN-04-01,06/06/2026,14.36.00,Americano Dingin,CASH,Selesai,1,12000,12000
40c4da06,740dcb0b,MKN-09,07/06/2026,09.41.00,Indomie Goreng,CASH,Selesai,1,12000,12000
6be32808,9900c8f9,MN-05-02,07/06/2026,09.43.00,Sanger Panas,CASH,Selesai,1,13000,13000
79b41929,b4ed3ab6,MN-04-02,07/06/2026,09.49.00,Americano Panas,CASH,Selesai,4,0,0
0af2207d,a6890261,MN-05-02,07/06/2026,09.50.00,Sanger Panas,CASH,Selesai,1,0,0
1d9f3254,070cd8bc,MN-03,07/06/2026,10.39.00,Badak Susu,CASH,Selesai,1,15000,15000
e4ee64c0,b43ca3aa,MKN-06,07/06/2026,12.08.00,Nasi Goreng Kampung Spesial,QRIS,Selesai,1,28000,28000
80c3cae7,b43ca3aa,51580ead,07/06/2026,12.08.00,Mix pletter,QRIS,Selesai,1,16000,16000
71a848d0,4356af79,MN-05-01,07/06/2026,13.36.00,Sanger Dingin,CASH,Selesai,1,15000,15000
21092f73,55966521,MN-05-02,07/06/2026,14.06.00,Sanger Panas,CASH,Selesai,1,15000,15000
3fad9300,f5e89031,MN-01,07/06/2026,15.48.00,Air Mineral,CASH,Selesai,1,5000,5000
6c270fd4,f5e89031,MKN-07,07/06/2026,15.48.00,Indomie kuah,CASH,Selesai,1,12000,12000
9b87520e,31a80f34,MN-01,08/06/2026,00.00.00,Air Mineral,CASH,Selesai,1,5000,5000
fb0741d1,6cc44dc0,b1a98a20,08/06/2026,12.03.00,Teh susu,CASH,Selesai,1,0,0
85c75003,92f7d0fe,MN-05-02,08/06/2026,12.18.00,Sanger Panas,CASH,Selesai,1,15000,15000
2adf21a3,fe9a2f92,MN-05-02,08/06/2026,16.23.00,Sanger Panas,CASH,Selesai,1,15000,15000
8a4346fa,a65d5bc9,MN-01,08/06/2026,16.17.00,Air Mineral,QRIS,Selesai,1,5000,5000
4295f123,abe0133c,MN-01,09/06/2026,08.23.00,Air Mineral,CASH,Selesai,1,5000,5000
1b42cc05,abe0133c,MN-05-01,09/06/2026,08.23.00,Sanger Dingin,CASH,Selesai,1,13000,13000
e87dfc3d,8916ba2c,MN-01,09/06/2026,08.42.00,Air Mineral,,,1,5000,5000
2ad182fb,9c341ded,MN-05-01,09/06/2026,10.13.00,Sanger Dingin,CASH,Selesai,1,13000,13000
0faa6c23,91a92b48,MN-05-02,09/06/2026,13.37.00,Sanger Panas,CASH,Selesai,1,15000,15000
9d8bb243,c3ecabe2,MN-04-01,09/06/2026,00.00.00,Americano Dingin,QRIS,Selesai,1,12000,12000
c31aff79,9a60da23,MN-05-01,09/06/2026,14.30.00,Sanger Dingin,CASH,Selesai,1,0,0
f9214a51,8e6ac62b,MN-02,09/06/2026,15.54.00,Badak,CASH,Selesai,1,10000,10000
f5e54103,986ee9ac,MN-05-02,10/06/2026,09.13.00,Sanger Panas,CASH,Selesai,1,13000,13000
642ca8e1,1cf43a2d,MN-05-02,10/06/2026,10.12.00,Sanger Panas,CASH,Selesai,1,13000,13000
f1d8bcac,0813d5b3,MN-05-01,10/06/2026,10.24.00,Sanger Dingin,CASH,Selesai,1,0,0
88506d30,9d402582,MN-01,10/06/2026,11.17.00,Air Mineral,CASH,Selesai,1,5000,5000
890aa87d,f5f9fe9b,MN-01,10/06/2026,11.55.00,Air Mineral,QRIS,Selesai,1,5000,5000
922d36d8,f5f9fe9b,MKN-07,10/06/2026,11.55.00,Indomie kuah,QRIS,Selesai,1,17000,17000
1805f7e5,594d234f,b1a98a20,10/06/2026,12.37.00,Teh susu,CASH,Selesai,1,0,0
1c3948bd,b6ac87b3,MN-01,11/06/2026,11.45.00,Air Mineral,QRIS,Selesai,1,5000,5000
5f5b9dad,b6ac87b3,MKN-10,11/06/2026,11.45.00,Indomie goreng jumbo,QRIS,Selesai,1,15000,15000
,,,,,,,,,,
a959b10e,810c7e68,MN-04-01,11/06/2026,14.36.00,Americano Dingin,QRIS,Selesai,2,12000,24000
e1aee82f,39628c9f,MN-08-01,11/06/2026,14.56.00,Teh Manis/Tawar Dingin,CASH,Selesai,2,8000,16000
,,,,,,,,,,
75d47e20,91b69d8e,MN-05-01,11/06/2026,16.27.00,Sanger Dingin,QRIS,Selesai,1,15000,15000
c64fa1fe,4a00f9f1,MN-05-01,11/06/2026,17.17.00,Sanger Dingin,QRIS,Selesai,1,15000,15000
c6959b64,e05e1394,MN-02,11/06/2026,17.52.00,Badak,,,1,,0
19939f7e,dc1ce065,MN-05-02,12/06/2026,10.56.00,Sanger Panas,CASH,Selesai,1,0,0
cd07ee06,dc1ce065,MN-08-01,12/06/2026,10.56.00,Teh Manis/Tawar Dingin,CASH,Selesai,1,0,0
77b1fb35,5c36c19e,MN-05-01,12/06/2026,14.31.00,Sanger Dingin,CASH,Selesai,1,0,0
6c26ba83,69a608db,MN-05-02,12/06/2026,15.39.00,Sanger Panas,QRIS,Selesai,1,15000,15000
89d166f9,69a608db,MN-05-01,12/06/2026,15.39.00,Sanger Dingin,QRIS,Selesai,1,15000,15000
0a1441f2,c59cbf9a,MN-05-02,13/06/2026,09.05.00,Sanger Panas,CASH,Selesai,1,13000,13000
2e2e5d46,9c2bc118,MN-01,13/06/2026,00.00.00,Air Mineral,QRIS,Selesai,1,5000,5000
64f6e1dd,314b31d4,MN-01,13/06/2026,10.02.00,Air Mineral,CASH,Selesai,1,5000,5000
16ca02ae,250e99a8,MN-05-01,13/06/2026,10.22.00,Sanger Dingin,,,1,15000,15000
8ade5fee,2cb6e183,MKN-04,13/06/2026,10.42.00,Nasi Goreng Spesial,CASH,Selesai,1,28000,28000
7bd49d26,2cb6e183,MN-05-01,13/06/2026,10.42.00,Sanger Dingin,CASH,Selesai,1,15000,15000
6c21eaed,67fb68e3,MN-05-02,13/06/2026,11.05.00,Sanger Panas,CASH,Selesai,1,15000,15000
b29a5720,a95da4de,MN-05-02,13/06/2026,11.26.00,Sanger Panas,QRIS,Selesai,1,15000,15000
891c4267,2a75a68d,MN-05-01,13/06/2026,13.48.00,Sanger Dingin,QRIS,Selesai,1,15000,15000
c41934f2,2a75a68d,MN-08-01,13/06/2026,13.48.00,Teh Manis/Tawar Dingin,QRIS,Selesai,1,8000,8000
,,,,,,,,,,
805f7677,22dd0d11,MN-05-01,13/06/2026,15.55.00,Sanger Dingin,CASH,Selesai,1,10000,10000
f8633e80,952fd248,MN-02,13/06/2026,15.54.00,Badak,CASH,Selesai,1,10000,10000
a1ba0c46,1ddae942,MN-01,13/06/2026,16.35.00,Air Mineral,CASH,Selesai,1,5000,5000
ce84fa55,1ddae942,MN-05-02,13/06/2026,16.35.00,Sanger Panas,CASH,Selesai,1,15000,15000
01c8826b,4e46831e,MN-01,13/06/2026,16.36.00,Air Mineral,QRIS,Selesai,1,5000,5000
8d7794e0,4e46831e,MN-05-01,13/06/2026,16.36.00,Sanger Dingin,QRIS,Selesai,1,15000,15000
bf9c3bcb,086975c3,MN-01,13/06/2026,17.54.00,Air Mineral,CASH,Selesai,1,5000,5000
91339966,d7390214,MN-05-01,14/06/2026,08.41.00,Sanger Dingin,QRIS,Selesai,2,13000,26000
b76c7640,589270af,MN-05-01,14/06/2026,10.39.00,Sanger Dingin,CASH,Selesai,1,13000,13000
,,,,,,,,,,
4d94e792,6d858f1b,MN-04-02,14/06/2026,13.19.00,Americano Panas,CASH,Selesai,1,12000,12000
7e70a1b5,edbad6c0,MN-03,14/06/2026,13.29.00,Badak Susu,CASH,Selesai,1,15000,15000
e70f7707,04768b06,MN-04-02,14/06/2026,14.26.00,Americano Panas,CASH,Selesai,2,0,0
a896d3a8,90f8da58,MN-05-02,14/06/2026,14.43.00,Sanger Panas,CASH,Selesai,1,,0
38ee09c3,04768b06,MN-04-02,14/06/2026,14.26.00,Americano Panas,,,2,,0
3f8ed5f6,a9a426de,MN-02,14/06/2026,14.52.00,Badak,CASH,Selesai,1,10000,10000
7f195a87,a9a426de,CML-04,14/06/2026,14.52.00,Kentang Goreng,CASH,Selesai,1,12000,12000
6f346e75,31c0cc17,MN-05-02,14/06/2026,15.27.00,Sanger Panas,CASH,Selesai,1,15000,15000
380dd5aa,aef44992,MN-05-01,14/06/2026,16.54.00,Sanger Dingin,CASH,Selesai,1,15000,15000
b1cbb691,aef44992,MKN-09,14/06/2026,16.54.00,Indomie Goreng,CASH,Selesai,1,15000,15000
e54fa3df,e597524c,MN-05-02,15/06/2026,13.00.00,Sanger Panas,CASH,Selesai,1,15000,15000
7e1b8896,d54f1f38,MN-05-02,15/06/2026,14.00.00,Sanger Panas,CASH,Selesai,1,15000,15000
59f105fc,52e78eb0,MN-05-02,15/06/2026,14.52.00,Sanger Panas,CASH,Selesai,1,15000,15000
484817c4,bb9d9f15,MN-01,15/06/2026,15.28.00,Air Mineral,CASH,Selesai,2,5000,10000
6c84959f,0550f2c1,MN-08-01,16/06/2026,09.11.00,Teh Manis/Tawar Dingin,CASH,Selesai,1,8000,8000
c26a9649,0550f2c1,MN-05-02,16/06/2026,09.11.00,Sanger Panas,CASH,Selesai,1,15000,15000
6f063823,bcc16a61,MN-05-02,16/06/2026,09.16.00,Sanger Panas,CASH,Selesai,1,15000,15000
a1c95cb0,3e79b7e3,MN-01,16/06/2026,10.42.00,Air Mineral,CASH,Selesai,1,5000,5000
ff135e9b,3e79b7e3,MN-05-02,16/06/2026,10.42.00,Sanger Panas,CASH,Selesai,1,15000,15000
eab92234,3d0a8161,MN-05-02,16/06/2026,10.49.00,Sanger Panas,CASH,Selesai,1,15000,15000
d3212d21,693a1f86,MN-04-02,16/06/2026,10.50.00,Americano Panas,CASH,Selesai,1,12000,12000
f8057e34,dcabbd30,MN-05-02,16/06/2026,10.55.00,Sanger Panas,CASH,Selesai,1,15000,15000
868b6806,dcabbd30,MN-01,16/06/2026,10.55.00,Air Mineral,CASH,Selesai,1,5000,5000
bc22d88f,6b6e2a88,MN-05-01,16/06/2026,11.25.00,Sanger Dingin,QRIS,Selesai,1,15000,15000
ae75d82c,092e4d74,MN-08-01,16/06/2026,00.00.00,Teh Manis/Tawar Dingin,CASH,Selesai,1,8000,8000
4456bbe9,c5615965,MN-02,16/06/2026,13.54.00,Badak,CASH,Selesai,1,10000,10000
8de820a7,e809b514,MN-03,16/06/2026,14.06.00,Badak Susu,CASH,Selesai,1,15000,15000
dabe3569,e809b514,MN-05-01,16/06/2026,14.06.00,Sanger Dingin,CASH,Selesai,1,15000,15000
150998a1,6e05a558,MN-02,16/06/2026,14.11.00,Badak,CASH,Selesai,1,10000,10000
adccf78a,e809b514,51580ead,16/06/2026,00.00.00,Mix pletter,CASH,Selesai,1,16000,16000
,,,,,,,,,,
96d6737d,e98dad95,MN-05-01,16/06/2026,14.53.00,Sanger Dingin,CASH,Selesai,1,15000,15000
a4bf5281,8380d8c1,MN-04-01,16/06/2026,15.14.00,Americano Dingin,QRIS,Selesai,1,12000,12000
642348c3,cc124bf5,,16/06/2026,17.59.00,,,,,,0
3e751d73,cc124bf5,MN-04-02,16/06/2026,17.59.00,Americano Panas,,,1,,0
32b52fd2,1d3f62b4,MN-05-01,16/06/2026,18.00.00,Sanger Dingin,,,2,,0
b1b7815a,2d6a8ef9,MN-05-02,17/06/2026,10.25.00,Sanger Panas,CASH,Selesai,1,13000,13000
68911209,3c9a0b61,MN-05-02,17/06/2026,11.18.00,Sanger Panas,CASH,Selesai,1,0,0
c7a276b6,0dc0ab6a,MN-05-01,17/06/2026,14.50.00,Sanger Dingin,CASH,Selesai,1,0,0
9e26254d,96d968c0,MN-01,17/06/2026,17.14.00,Air Mineral,,,1,5000,5000
4e380ead,801169a0,MN-05-01,18/06/2026,09.42.00,Sanger Dingin,CASH,Selesai,1,10000,10000
75fc6d2f,8948cdff,MN-05-02,18/06/2026,10.32.00,Sanger Panas,QRIS,Selesai,1,13000,13000
a0e3e076,f0fc4b7a,MN-04-02,18/06/2026,12.12.00,Americano Panas,CASH,Selesai,1,12000,12000
5c5bc722,6e00278f,MN-05-01,18/06/2026,13.01.00,Sanger Dingin,CASH,Selesai,1,0,0
5cc632e6,6e00278f,MN-08-02,18/06/2026,00.00.00,Teh Manis/Tawar Panas,CASH,Selesai,1,0,0
4de18cc5,b825084a,MN-05-02,18/06/2026,14.14.00,Sanger Panas,QRIS,Selesai,1,15000,15000
5e3fd2e3,4dc52c16,MN-01,18/06/2026,15.19.00,Air Mineral,QRIS,Selesai,1,5000,5000
daa841d3,c78a09d2,c2d8f5ad,18/06/2026,16.48.00,Susu putih,QRIS,Selesai,1,12000,12000
2b603c46,821c8dcc,MN-04-02,19/06/2026,10.57.00,Americano Panas,QRIS,Selesai,1,10000,10000
125a86dd,db8c6db7,MN-02,19/06/2026,19.03.00,Badak,CASH,Selesai,1,10000,10000
76762ee8,fb6a5d8b,MKN-07,20/06/2026,09.41.00,Indomie kuah,CASH,Selesai,1,12000,12000
59e3c872,c090c872,MN-08-02,20/06/2026,10.34.00,Teh Manis/Tawar Panas,CASH,Selesai,2,0,0
eaf9b1c7,f4db4078,MN-08-01,20/06/2026,12.29.00,Teh Manis/Tawar Dingin,QRIS,Selesai,1,8000,8000
c84e55fc,ac30e597,MN-05-01,20/06/2026,12.46.00,Sanger Dingin,CASH,Selesai,1,15000,15000
ab46a8d0,4a76cae6,MN-05-01,20/06/2026,12.56.00,Sanger Dingin,CASH,Selesai,1,15000,15000
3be8e3a5,9a1d9dad,MN-05-02,20/06/2026,13.23.00,Sanger Panas,CASH,Selesai,3,15000,45000
7ab465fd,2bcb9f5e,MN-05-01,20/06/2026,13.23.00,Sanger Dingin,CASH,Selesai,1,0,0
b8c9b6a5,e71aa654,MN-02,20/06/2026,13.52.00,Badak,QRIS,Selesai,1,10000,10000
537d2375,e71aa654,MN-05-01,20/06/2026,13.52.00,Sanger Dingin,QRIS,Selesai,1,15000,15000
595ee357,a116f17f,MN-04-02,20/06/2026,00.00.00,Americano Panas,QRIS,Selesai,1,12000,12000
6cb102f7,a116f17f,MN-08-01,20/06/2026,00.00.00,Teh Manis/Tawar Dingin,QRIS,Selesai,1,8000,8000
b8be7ad8,a116f17f,CML-04,20/06/2026,00.00.00,Kentang Goreng,QRIS,Selesai,1,12000,12000
2d54c44f,26fe6601,MN-05-02,20/06/2026,14.55.00,Sanger Panas,QRIS,Selesai,1,15000,15000
4b32a92f,284e2d31,MN-05-02,20/06/2026,17.25.00,Sanger Panas,CASH,Selesai,1,15000,15000
2019b2ac,c6f96607,MN-01,20/06/2026,17.26.00,Air Mineral,CASH,Selesai,1,5000,5000
71cd3a31,1fe5937e,MN-04-02,21/06/2026,09.19.00,Americano Panas,QRIS,Selesai,1,10000,10000
684eae1f,4c1630d1,MN-04-02,21/06/2026,00.00.00,Americano Panas,CASH,Selesai,1,10000,10000
66680f9c,ba7f8b74,MN-05-02,21/06/2026,10.19.00,Sanger Panas,CASH,Selesai,1,13000,13000
d51bc677,7e8ba1ac,MN-05-02,21/06/2026,10.23.00,Sanger Panas,CASH,Selesai,1,0,0
f6cb5eed,cd6e3896,51580ead,21/06/2026,10.34.00,Mix pletter,CASH,Selesai,1,16000,16000
b3b04f27,cd6e3896,MN-01,21/06/2026,10.34.00,Air Mineral,CASH,Selesai,1,5000,5000
84e2228f,0c9d9686,MN-04-02,21/06/2026,11.51.00,Americano Panas,QRIS,Selesai,1,12000,12000
acbda7a5,6a367d7a,MN-05-02,21/06/2026,11.52.00,Sanger Panas,CASH,Selesai,1,15000,15000
fadd94d3,a9780ae2,MN-05-01,21/06/2026,11.59.00,Sanger Dingin,CASH,Selesai,1,15000,15000
f5e932e2,6a367d7a,MN-01,21/06/2026,11.52.00,Air Mineral,CASH,Selesai,1,5000,5000
fbd79b26,84e8a6af,MN-05-01,21/06/2026,12.00.00,Sanger Dingin,CASH,Selesai,1,15000,15000
6918165a,c31eda40,MN-03,21/06/2026,13.24.00,Badak Susu,QRIS,Selesai,1,15000,15000
29ca783a,c31eda40,MN-05-01,21/06/2026,13.24.00,Sanger Dingin,QRIS,Selesai,1,15000,15000
cdb7e5d4,54c000da,MN-05-02,21/06/2026,13.56.00,Sanger Panas,CASH,Selesai,2,15000,30000
e99ef505,54c000da,MN-08-01,21/06/2026,13.56.00,Teh Manis/Tawar Dingin,CASH,Selesai,1,8000,8000
d32dfb63,f266c443,MN-03,21/06/2026,14.51.00,Badak Susu,QRIS,Selesai,2,15000,30000
dc03698c,8a591e03,MN-05-01,21/06/2026,16.26.00,Sanger Dingin,CASH,Selesai,2,15000,30000
45b17141,02cf676a,MN-01,22/06/2026,12.17.00,Air Mineral,QRIS,Selesai,1,5000,5000
073ae843,02cf676a,MN-08-01,22/06/2026,12.17.00,Teh Manis/Tawar Dingin,QRIS,Selesai,1,8000,8000
b66f507f,77f62c91,MN-08-02,22/06/2026,12.57.00,Teh Manis/Tawar Panas,CASH,Selesai,1,8000,8000
7e3c50ba,77f62c91,MKN-07,22/06/2026,12.57.00,Indomie kuah,CASH,Selesai,1,12000,12000
d0b5298a,949cc39b,MN-08-01,22/06/2026,00.00.00,Teh Manis/Tawar Dingin,CASH,Selesai,3,8000,24000
,,,,,,,,,,
e4b8b29a,949cc39b,MKN-03,22/06/2026,00.00.00,Nasi Goreng,CASH,Selesai,1,17000,17000
97e77d00,949cc39b,MKN-09,22/06/2026,00.00.00,Indomie Goreng,CASH,Selesai,2,15000,30000
447b0279,949cc39b,MKN-07,22/06/2026,00.00.00,Indomie kuah,CASH,Selesai,1,12000,12000
f0c611bb,eea890fd,MN-05-02,22/06/2026,14.25.00,Sanger Panas,CASH,Selesai,1,15000,15000
a2b8537c,43decce6,MN-05-02,22/06/2026,14.26.00,Sanger Panas,CASH,Selesai,1,15000,15000
b2783ff7,5576ec24,,22/06/2026,14.34.00,,QRIS,Selesai,,,0
0598c5e1,22aba481,MN-05-01,22/06/2026,00.00.00,Sanger Dingin,QRIS,Selesai,1,15000,15000
15c3f7ff,e7a6a353,MKN-09,22/06/2026,17.13.00,Indomie Goreng,CASH,Selesai,2,15000,30000
742cf45b,e7a6a353,MN-08-01,22/06/2026,17.13.00,Teh Manis/Tawar Dingin,CASH,Selesai,2,8000,16000
fea3ea61,4303f929,MN-04-02,23/06/2026,09.52.00,Americano Panas,,,1,10000,10000
5064b5a4,8d20e4d9,MN-08-01,23/06/2026,10.50.00,Teh Manis/Tawar Dingin,CASH,Selesai,1,8000,8000
e91c30f0,b26105fc,MN-05-02,23/06/2026,11.17.00,Sanger Panas,QRIS,Selesai,1,15000,15000
120a9c97,200833b7,MN-05-02,23/06/2026,13.05.00,Sanger Panas,CASH,Selesai,1,15000,15000
05d96bea,48b0f29b,MN-05-01,23/06/2026,15.05.00,Sanger Dingin,CASH,Selesai,1,15000,15000
3a8599fa,48b0f29b,MN-04-02,23/06/2026,15.05.00,Americano Panas,CASH,Selesai,1,12000,12000
d9586757,48b0f29b,MN-08-01,23/06/2026,15.05.00,Teh Manis/Tawar Dingin,CASH,Selesai,1,8000,8000
79d3d412,d14145cb,MN-02,23/06/2026,15.41.00,Badak,QRIS,Selesai,1,10000,10000
8a724021,b13eae6c,MN-05-01,23/06/2026,17.22.00,Sanger Dingin,CASH,Selesai,1,15000,15000
0d4f007c,17db18bb,MN-05-02,24/06/2026,09.14.00,Sanger Panas,CASH,Selesai,1,15000,15000
cc02d9b7,f99b84e9,MN-05-01,25/06/2026,09.55.00,Sanger Dingin,CASH,Selesai,1,13000,13000
83465f56,bbcdb41d,MN-04-02,25/06/2026,00.00.00,Americano Panas,QRIS,Selesai,1,10000,10000
be24297c,9bd45fde,MN-04-02,25/06/2026,10.13.00,Americano Panas,CASH,Selesai,1,10000,10000
ddfe37a8,bd1af3ba,MN-01,25/06/2026,12.41.00,Air Mineral,QRIS,Selesai,1,5000,5000
3e36fe5b,bd1af3ba,MN-05-02,25/06/2026,12.41.00,Sanger Panas,QRIS,Selesai,1,15000,15000
f6475ad5,8312c997,MN-05-02,25/06/2026,15.54.00,Sanger Panas,CASH,Selesai,1,0,0
d8463004,c0141f99,MN-01,25/06/2026,17.00.00,Air Mineral,CASH,Selesai,1,5000,5000
00ab8c57,ad37c63a,MN-03,26/06/2026,10.19.00,Badak Susu,CASH,Selesai,1,15000,15000
9ce6d66b,9ffbcee4,MN-01,26/06/2026,10.31.00,Air Mineral,CASH,Selesai,1,5000,5000
9fe6915e,537252c2,MN-05-01,26/06/2026,12.21.00,Sanger Dingin,QRIS,Selesai,1,15000,15000
aea43389,519f2a57,,26/06/2026,12.34.00,,CASH,Selesai,,,0
88db920b,4fe458ff,MN-05-01,26/06/2026,13.54.00,Sanger Dingin,QRIS,Selesai,2,15000,30000
0b8f146c,d1285d13,MN-05-01,26/06/2026,13.58.00,Sanger Dingin,QRIS,Selesai,1,15000,15000
,,,,,,,,,,
,,,,,,,,,,
06a5b1a8,66712b9a,MN-05-01,26/06/2026,15.17.00,Sanger Dingin,CASH,Selesai,2,15000,30000
3f1e1e79,66712b9a,CML-03,26/06/2026,15.17.00,Nugget Goreng,CASH,Selesai,1,12000,12000
,,,,,,,,,,
09bd9f94,9f84078b,MN-05-01,26/06/2026,16.03.00,Sanger Dingin,CASH,Selesai,2,15000,30000
dec95733,3505e02b,MN-04-01,26/06/2026,16.17.00,Americano Dingin,QRIS,Selesai,1,12000,12000
48712b08,537252c2,MN-01,26/06/2026,12.21.00,Air Mineral,QRIS,Selesai,1,5000,5000
1b0ca490,b4257d62,MN-05-01,26/06/2026,17.22.00,Sanger Dingin,CASH,Selesai,2,15000,30000
0113241e,9f84078b,MN-01,26/06/2026,00.00.00,Air Mineral,CASH,Selesai,1,5000,5000
25873d28,c36daa4c,MKN-09,26/06/2026,17.25.00,Indomie Goreng,QRIS,Selesai,1,15000,15000
e829c7bb,617f310a,MN-01,26/06/2026,18.15.00,Air Mineral,CASH,Selesai,1,0,0
b25c8b85,13928730,MN-05-02,27/06/2026,09.42.00,Sanger Panas,CASH,Selesai,1,13000,13000
970c4869,fd4459e0,MN-05-02,27/06/2026,10.28.00,Sanger Panas,CASH,Selesai,1,13000,13000
32bbe18d,875dc31c,MN-01,27/06/2026,00.00.00,Air Mineral,CASH,Selesai,1,5000,5000
6a4c7d01,6fe7b44a,MN-05-02,27/06/2026,00.00.00,Sanger Panas,CASH,Selesai,1,15000,15000
d5352510,615304f3,MN-05-02,27/06/2026,12.16.00,Sanger Panas,CASH,Selesai,1,0,0
9f4b9099,0bd0bce3,MN-05-01,27/06/2026,14.59.00,Sanger Dingin,CASH,Selesai,1,15000,15000
d1f2bd56,25e06a6d,MN-01,27/06/2026,17.25.00,Air Mineral,QRIS,Selesai,1,5000,5000
8764c9ab,25e06a6d,MN-04-01,27/06/2026,17.25.00,Americano Dingin,QRIS,Selesai,1,12000,12000
f2e83895,25e06a6d,MKN-03,27/06/2026,17.25.00,Nasi Goreng,QRIS,Selesai,1,17000,17000
5bd1bfc0,004192c8,MN-05-02,28/06/2026,09.30.00,Sanger Panas,CASH,Selesai,1,13000,13000
f7bf183e,065b6fe6,MN-02,28/06/2026,11.21.00,Badak,QRIS,Selesai,1,10000,10000
bbdb5cb2,2779ec3b,MN-04-02,28/06/2026,11.22.00,Americano Panas,QRIS,Selesai,1,12000,12000
a8a0d7ef,065b6fe6,MKN-05,28/06/2026,11.21.00,Nasi Goreng Kampung,QRIS,Selesai,1,17000,17000
3f08c62a,2779ec3b,MN-05-01,28/06/2026,11.22.00,Sanger Dingin,QRIS,Selesai,1,15000,15000
b2f59618,70a2de1a,MN-02,28/06/2026,12.15.00,Badak,CASH,Selesai,1,10000,10000
8919cc85,20662f5f,MN-02,28/06/2026,12.23.00,Badak,CASH,Selesai,1,10000,10000
581a5587,20662f5f,51580ead,28/06/2026,12.23.00,Mix pletter,CASH,Selesai,1,16000,16000
c1891a14,080f0cf5,MN-04-02,28/06/2026,00.00.00,Americano Panas,QRIS,Selesai,1,12000,12000
2eec13b6,c3c48edc,,28/06/2026,12.16.00,,CASH,Selesai,,,0
b40365f1,b04c2d8c,MN-05-02,28/06/2026,16.36.00,Sanger Panas,CASH,Selesai,1,15000,15000
3ce6ddf8,0c359450,MN-05-01,28/06/2026,16.50.00,Sanger Dingin,CASH,Selesai,1,0,0
38891301,66da6852,MN-05-02,28/06/2026,17.25.00,Sanger Panas,QRIS,Selesai,1,15000,15000
68775380,fa08f274,MN-05-02,29/06/2026,08.35.00,Sanger Panas,CASH,Selesai,1,13000,13000
e6b2ef51,fa08f274,MN-01,29/06/2026,08.35.00,Air Mineral,CASH,Selesai,1,5000,5000
89322aa0,7d7f8435,MN-04-02,29/06/2026,11.35.00,Americano Panas,QRIS,Selesai,1,12000,12000
23fe428d,5c189338,MN-05-01,29/06/2026,14.58.00,Sanger Dingin,CASH,Selesai,1,15000,15000
f04966d2,46d8754d,MN-01,29/06/2026,15.51.00,Air Mineral,CASH,Selesai,2,5000,10000
67e78aaf,d4f5a631,MN-05-01,29/06/2026,17.53.00,Sanger Dingin,QRIS,Selesai,1,15000,15000
a836410f,3e9bf8b6,MN-08-02,29/06/2026,17.57.00,Teh Manis/Tawar Panas,CASH,Selesai,2,8000,16000
3bc6412e,3e9bf8b6,MN-05-02,29/06/2026,17.57.00,Sanger Panas,CASH,Selesai,1,15000,15000
8f61f017,3e9bf8b6,MN-01,29/06/2026,17.57.00,Air Mineral,CASH,Selesai,1,5000,5000
09bb8396,0dd87137,MN-02,30/06/2026,10.56.00,Badak,CASH,Selesai,1,10000,10000
27c07b91,3996882f,MN-01,30/06/2026,14.13.00,Air Mineral,CASH,Selesai,1,5000,5000
c47c8b23,2cb91b8f,MN-05-01,30/06/2026,15.42.00,Sanger Dingin,CASH,Selesai,1,0,0
8e9ee154,5c77cfcf,MN-04-02,30/06/2026,16.46.00,Americano Panas,,,1,12000,12000
ddd85e6e,d46d55bf,MN-01,01/07/2026,09.45.00,Air Mineral,CASH,Selesai,1,5000,5000
8aaa23c7,393d83c7,MN-05-01,01/07/2026,11.07.00,Sanger Dingin,CASH,Selesai,1,15000,15000
db2fc557,a7f8e64b,MN-04-02,01/07/2026,11.09.00,Americano Panas,QRIS,Selesai,1,12000,12000
86646ff0,78afd3c9,MN-02,01/07/2026,12.17.00,Badak,CASH,Selesai,2,10000,20000
d39872f7,78afd3c9,MN-04-01,01/07/2026,12.17.00,Americano Dingin,CASH,Selesai,1,12000,12000
ba2d469b,00f77f5e,MN-01,01/07/2026,12.36.00,Air Mineral,QRIS,Selesai,1,5000,5000
f83df15c,f99d3724,MN-04-01,01/07/2026,14.49.00,Americano Dingin,CASH,Selesai,2,12000,24000
ce643faf,f99d3724,MN-02,01/07/2026,14.49.00,Badak,CASH,Selesai,1,10000,10000
6ee28010,cee93441,MN-05-02,01/07/2026,00.00.00,Sanger Panas,CASH,Selesai,1,15000,15000
5121e62a,003a0ffd,MN-01,02/07/2026,08.54.00,Air Mineral,,,1,5000,5000
210b01f6,1bb3c484,MN-05-02,02/07/2026,09.56.00,Sanger Panas,CASH,Selesai,1,15000,15000
0f620f94,68ea6c69,MN-05-01,02/07/2026,09.18.00,Sanger Dingin,CASH,Selesai,1,15000,15000
3e15dd3f,a0d95d83,MN-05-01,02/07/2026,09.17.00,Sanger Dingin,CASH,Selesai,1,15000,15000
64ac8f00,53ef06eb,MN-05-01,02/07/2026,12.09.00,Sanger Dingin,CASH,Selesai,1,10000,10000
17dfa0bc,f30674e9,MN-03,02/07/2026,12.10.00,Badak Susu,CASH,Selesai,2,,0
,,,,,,,,,,
ee22e608,464c344f,MN-08-01,02/07/2026,13.07.00,Teh Manis/Tawar Dingin,CASH,Selesai,1,,0
1dc27b18,fd26fc24,MN-05-01,02/07/2026,15.01.00,Sanger Dingin,QRIS,Selesai,1,15000,15000
38497a5c,5c5697fb,MN-03,02/07/2026,12.35.00,Badak Susu,CASH,Selesai,1,15000,15000
4d0263a8,e0933cf9,MN-01,02/07/2026,15.21.00,Air Mineral,QRIS,Selesai,1,5000,5000
e2321a3b,299b3ad8,e0f0da1d,02/07/2026,16.11.00,Susu dingin,CASH,Selesai,1,12000,12000
80337192,fd26fc24,MN-01,02/07/2026,00.00.00,Air Mineral,QRIS,Selesai,1,5000,5000
33858266,1d56e953,MN-08-02,03/07/2026,09.19.00,Teh Manis/Tawar Panas,QRIS,Selesai,2,8000,16000
9997c935,30e61e7f,MN-05-02,03/07/2026,09.21.00,Sanger Panas,CASH,Selesai,1,10000,10000
2f9479d9,bf965c41,MN-05-02,03/07/2026,09.21.00,Sanger Panas,QRIS,Selesai,1,10000,10000
8aaedf56,c6051ace,MN-05-02,03/07/2026,10.31.00,Sanger Panas,CASH,Selesai,1,13000,13000
3ddf7b80,a5750b61,MN-05-01,03/07/2026,10.50.00,Sanger Dingin,CASH,Selesai,1,10000,10000
6f9bf153,0bab11af,MN-02,03/07/2026,00.00.00,Badak,CASH,Selesai,1,10000,10000
190f7e4b,4322fcce,MN-05-01,03/07/2026,11.17.00,Sanger Dingin,CASH,Selesai,1,10000,10000
a7bcecd4,0bab11af,MKN-09,03/07/2026,00.00.00,Indomie Goreng,CASH,Selesai,1,15000,15000
c4db02a7,80155fac,MN-01,03/07/2026,13.44.00,Air Mineral,CASH,Selesai,1,5000,5000
f748e61a,80155fac,MKN-07,03/07/2026,13.44.00,Indomie kuah,CASH,Selesai,1,12000,12000
54f8cc7d,414116b1,MN-01,03/07/2026,13.45.00,Air Mineral,CASH,Selesai,1,5000,5000
c17675cb,680a48d2,MN-01,03/07/2026,13.55.00,Air Mineral,CASH,Selesai,2,5000,10000
fe21d9b1,4301af46,MN-02,03/07/2026,14.34.00,Badak,CASH,Selesai,1,10000,10000
5c196e49,e945914b,MN-05-02,03/07/2026,17.48.00,Sanger Panas,,,1,10000,10000
cf5f8964,d396c4fd,MN-01,04/07/2026,09.16.00,Air Mineral,QRIS,Selesai,1,5000,5000
4c90f436,d1550b02,MN-05-01,04/07/2026,09.37.00,Sanger Dingin,CASH,Selesai,1,15000,15000
e13082f4,6ab46c2a,MN-05-01,04/07/2026,00.00.00,Sanger Dingin,QRIS,Selesai,1,15000,15000
ac4a2288,6ab46c2a,MKN-09,04/07/2026,00.00.00,Indomie Goreng,QRIS,Selesai,1,15000,15000
af438fec,96b2b3dc,MN-01,04/07/2026,14.17.00,Air Mineral,CASH,Selesai,1,5000,5000
49887b14,c84961cf,MN-01,04/07/2026,14.18.00,Air Mineral,CASH,Selesai,1,5000,5000
e3986eef,c84961cf,CML-02,04/07/2026,14.18.00,Sosis Goreng,CASH,Selesai,1,12000,12000
a24d1337,45d4551a,MN-05-02,04/07/2026,14.20.00,Sanger Panas,CASH,Selesai,1,15000,15000
380247d0,fa29b411,MN-05-01,04/07/2026,15.21.00,Sanger Dingin,CASH,Selesai,2,15000,30000
54e53da9,b1f0ca12,MN-02,04/07/2026,00.00.00,Badak,QRIS,Selesai,1,10000,10000
29adbd21,4d735a51,MN-01,04/07/2026,16.14.00,Air Mineral,QRIS,Selesai,1,5000,5000
b26dceb1,67516ee9,MN-05-02,04/07/2026,16.30.00,Sanger Panas,CASH,Selesai,1,15000,15000
e337c554,966e70ad,MN-05-02,04/07/2026,16.53.00,Sanger Panas,CASH,Selesai,1,15000,15000
5452b6a9,966e70ad,MN-08-02,04/07/2026,16.53.00,Teh Manis/Tawar Panas,CASH,Selesai,1,8000,8000
9d09bc2f,33301a82,MN-01,04/07/2026,21.57.00,Air Mineral,,,1,5000,5000
442aa93a,df76f469,MN-04-02,05/07/2026,10.08.00,Americano Panas,CASH,Selesai,1,10000,10000
4c2ea24e,df76f469,MN-01,05/07/2026,10.08.00,Air Mineral,CASH,Selesai,2,5000,10000
7012c277,d5baa9a9,MN-04-02,05/07/2026,11.37.00,Americano Panas,CASH,Selesai,1,12000,12000
729af2f3,1fb7cef5,MN-04-02,05/07/2026,12.49.00,Americano Panas,CASH,Selesai,1,12000,12000
309d8d52,735a1188,MN-05-01,05/07/2026,15.09.00,Sanger Dingin,CASH,Selesai,1,15000,15000
11b28a1b,eb9652b1,MN-05-02,05/07/2026,15.10.00,Sanger Panas,CASH,Selesai,1,15000,15000
219276f2,6642096e,MN-05-02,05/07/2026,15.28.00,Sanger Panas,CASH,Selesai,1,15000,15000
925c7fc8,09bcb7fb,MN-01,05/07/2026,16.11.00,Air Mineral,CASH,Selesai,1,5000,5000
115a65a4,eebc5dea,MN-01,05/07/2026,17.45.00,Air Mineral,CASH,Selesai,1,5000,5000
223c6354,eebc5dea,MN-04-01,05/07/2026,17.45.00,Americano Dingin,CASH,Selesai,1,12000,12000
c2d40978,bd63460e,e0f0da1d,05/07/2026,17.46.00,Susu dingin,CASH,Selesai,1,12000,12000
77bcf9ef,12ded6f6,MN-05-01,05/07/2026,18.29.00,Sanger Dingin,QRIS,Selesai,1,15000,15000
54f10e99,3dc13eb6,MN-02,06/07/2026,09.28.00,Badak,QRIS,Selesai,1,10000,10000
20f3d93a,2e616f2a,MN-05-02,06/07/2026,09.22.00,Sanger Panas,QRIS,Selesai,1,13000,13000
77dcd956,3dc13eb6,MN-01,06/07/2026,09.28.00,Air Mineral,QRIS,Selesai,1,5000,5000
4145aeda,6c7c6758,MN-08-01,06/07/2026,11.11.00,Teh Manis/Tawar Dingin,CASH,Selesai,1,8000,8000
3c909fb2,239a3033,MN-03,06/07/2026,11.53.00,Badak Susu,CASH,Selesai,1,15000,15000
a53b9d36,5a5ecfa7,MN-02,06/07/2026,00.00.00,Badak,,,1,10000,10000
21532d58,8ec4e898,MN-02,06/07/2026,13.18.00,Badak,CASH,Selesai,1,10000,10000
44ca0654,03ba2b0c,MN-01,06/07/2026,13.52.00,Air Mineral,CASH,Selesai,1,5000,5000
502d951a,03ba2b0c,MKN-08,06/07/2026,13.52.00,Indomie kuah jumbo,CASH,Selesai,1,15000,15000
ca9a2a41,18eb0b1e,MN-05-01,06/07/2026,13.55.00,Sanger Dingin,QRIS,Selesai,1,15000,15000
2bb93733,48638b7e,c2d8f5ad,06/07/2026,14.19.00,Susu putih,CASH,Selesai,1,0,0
f7c16572,58e824ad,MKN-07,06/07/2026,14.30.00,Indomie kuah,CASH,Selesai,1,12000,12000
6550243c,58e824ad,MN-05-01,06/07/2026,14.30.00,Sanger Dingin,CASH,Selesai,1,15000,15000
77f57c0c,6362db1b,MN-05-01,06/07/2026,14.59.00,Sanger Dingin,CASH,Selesai,1,15000,15000
40a5a25e,12a5579f,MN-05-01,06/07/2026,15.11.00,Sanger Dingin,CASH,Selesai,1,15000,15000
f54ab007,304427f6,MN-01,06/07/2026,15.00.00,Air Mineral,CASH,Selesai,1,5000,5000
0e4ee986,45aed6b1,MN-01,06/07/2026,16.39.00,Air Mineral,QRIS,Selesai,1,5000,5000
0b7ae126,45aed6b1,MN-05-01,06/07/2026,16.39.00,Sanger Dingin,QRIS,Selesai,1,15000,15000
e50c05b8,fdafcb28,MN-05-01,06/07/2026,17.25.00,Sanger Dingin,QRIS,Selesai,1,15000,15000
211bd8a6,ce8e86e1,MN-08-01,06/07/2026,17.25.00,Teh Manis/Tawar Dingin,QRIS,Selesai,1,8000,8000
1a656c4d,ce8e86e1,MKN-07,06/07/2026,17.25.00,Indomie kuah,QRIS,Selesai,1,12000,12000
c26ebd9e,c3e770ab,MN-04-02,07/07/2026,10.26.00,Americano Panas,CASH,Selesai,1,10000,10000
b1b75d57,b17c550d,MN-01,07/07/2026,00.00.00,Air Mineral,QRIS,Selesai,1,5000,5000
de2e9785,cf6f9957,MN-04-02,07/07/2026,12.31.00,Americano Panas,CASH,Selesai,1,12000,12000
52f31960,f4eb1d9a,MN-08-01,07/07/2026,14.35.00,Teh Manis/Tawar Dingin,CASH,Selesai,1,8000,8000
12dc5458,f4eb1d9a,CML-02,07/07/2026,14.35.00,Sosis Goreng,CASH,Selesai,1,12000,12000
30e1f2bc,0a0fc597,MN-08-01,07/07/2026,14.53.00,Teh Manis/Tawar Dingin,,,3,8000,24000
16926aac,fac1fa26,MKN-09,07/07/2026,16.09.00,Indomie Goreng,QRIS,Selesai,2,15000,30000
85bc4600,fac1fa26,MN-08-01,07/07/2026,16.09.00,Teh Manis/Tawar Dingin,QRIS,Selesai,1,8000,8000
26660ca5,fac1fa26,MN-01,07/07/2026,00.00.00,Air Mineral,QRIS,Selesai,1,5000,5000
317edf32,d721f32a,MN-05-02,07/07/2026,16.40.00,Sanger Panas,CASH,Selesai,1,15000,15000
7de411e5,6c36ad3d,MN-05-02,07/07/2026,16.54.00,Sanger Panas,CASH,Selesai,1,15000,15000
1f916b40,fbbbf36e,MN-05-02,07/07/2026,17.54.00,Sanger Panas,QRIS,Selesai,1,10000,10000
20725c4d,c93f9e12,MN-05-02,08/07/2026,08.56.00,Sanger Panas,CASH,Selesai,1,10000,10000
05c16074,d3ac6a25,MN-05-02,08/07/2026,14.51.00,Sanger Panas,QRIS,Selesai,1,15000,15000
562c04dd,b925639b,MN-02,08/07/2026,16.14.00,Badak,CASH,Selesai,1,10000,10000
ecedd89d,51b9ab17,MN-05-02,08/07/2026,16.53.00,Sanger Panas,QRIS,Selesai,1,15000,15000
0aa3dce4,e1158f2a,MN-01,09/07/2026,09.46.00,Air Mineral,CASH,Selesai,1,5000,5000
beb5b614,c6355832,MN-05-02,09/07/2026,10.12.00,Sanger Panas,CASH,Selesai,1,13000,13000
6bc4219b,c4b75503,MN-04-01,09/07/2026,10.34.00,Americano Dingin,CASH,Selesai,2,10000,20000
6d22f34b,c4b75503,MN-02,09/07/2026,10.34.00,Badak,CASH,Selesai,1,10000,10000
fafa4ef7,176b866f,MN-04-02,10/07/2026,09.27.00,Americano Panas,CASH,Selesai,1,10000,10000
5e16bdfa,414d2c92,MN-01,10/07/2026,09.33.00,Air Mineral,CASH,Selesai,1,5000,5000
8a4d5df5,2a2bc396,MN-05-01,10/07/2026,10.22.00,Sanger Dingin,CASH,Selesai,1,15000,15000
dd6768f3,f1e1e63e,MN-02,10/07/2026,11.26.00,Badak,CASH,Selesai,1,10000,10000
b6534582,6012fc85,MN-01,10/07/2026,11.52.00,Air Mineral,CASH,Selesai,1,5000,5000
74ef2215,18886468,MN-01,10/07/2026,13.29.00,Air Mineral,QRIS,Selesai,1,5000,5000
1b6c6ec7,18886468,MKN-05,10/07/2026,13.29.00,Nasi Goreng Kampung,QRIS,Selesai,1,17000,17000
40259bd2,97295d3e,MN-04-02,10/07/2026,16.36.00,Americano Panas,CASH,Selesai,1,12000,12000
738ffb1e,cef39beb,MN-04-02,11/07/2026,08.25.00,Americano Panas,CASH,Selesai,1,10000,10000
32088bb2,9e8f713a,MN-01,11/07/2026,09.31.00,Air Mineral,QRIS,Selesai,1,5000,5000
630c2f46,12d99556,MN-05-02,11/07/2026,11.18.00,Sanger Panas,CASH,Selesai,1,15000,15000
14bd680f,be3488b5,MN-05-02,11/07/2026,11.22.00,Sanger Panas,CASH,Selesai,1,15000,15000
3dd8b617,481719f9,MN-03,11/07/2026,11.24.00,Badak Susu,CASH,Selesai,1,15000,15000
9b7f2a05,690fa7b2,MN-05-02,11/07/2026,11.26.00,Sanger Panas,CASH,Selesai,1,15000,15000
58117ae1,e9747afd,MN-01,11/07/2026,11.18.00,Air Mineral,QRIS,Selesai,2,5000,10000
0c1d0959,52391504,MN-08-01,11/07/2026,12.57.00,Teh Manis/Tawar Dingin,QRIS,Selesai,1,8000,8000
e05b82c3,52391504,MN-05-02,11/07/2026,12.57.00,Sanger Panas,QRIS,Selesai,1,15000,15000
f590a75c,62383094,MN-04-02,11/07/2026,13.41.00,Americano Panas,CASH,Selesai,1,12000,12000
6e9d9885,50d7d8b7,MN-05-01,11/07/2026,15.58.00,Sanger Dingin,QRIS,Selesai,1,15000,15000
3858a8aa,919893a8,MN-04-02,11/07/2026,17.26.00,Americano Panas,CASH,Selesai,1,12000,12000
4c8668b8,26a9ba59,MN-04-01,11/07/2026,17.27.00,Americano Dingin,QRIS,Selesai,1,12000,12000
2123c33e,1b5dd5fe,MN-05-02,11/07/2026,17.43.00,Sanger Panas,QRIS,Selesai,1,10000,10000
51500aff,b7b69047,MN-05-01,12/07/2026,11.15.00,Sanger Dingin,QRIS,Selesai,1,15000,15000
fa78b2ce,b7b69047,MN-02,12/07/2026,11.15.00,Badak,QRIS,Selesai,1,10000,10000
d319bff9,b7b69047,MN-08-01,12/07/2026,11.15.00,Teh Manis/Tawar Dingin,QRIS,Selesai,1,8000,8000
c9bbfe92,d608a446,MN-03,12/07/2026,12.35.00,Badak Susu,CASH,Selesai,1,15000,15000
6d9e5951,3a46aa8e,MN-05-02,12/07/2026,13.44.00,Sanger Panas,CASH,Selesai,1,15000,15000
f22c0244,ba942d3b,MN-05-02,12/07/2026,14.41.00,Sanger Panas,CASH,Selesai,1,15000,15000
d9ee730e,382aa82b,MN-05-02,12/07/2026,15.28.00,Sanger Panas,CASH,Selesai,1,15000,15000
ba39da79,af876742,MN-05-02,12/07/2026,15.37.00,Sanger Panas,CASH,Selesai,1,15000,15000
f37bcd41,5ac2a9d9,MN-01,12/07/2026,17.25.00,Air Mineral,QRIS,Selesai,1,5000,5000
1526d866,c2754000,MN-04-02,12/07/2026,17.24.00,Americano Panas,CASH,Selesai,1,12000,12000
8711ec50,9c3f5d42,MN-05-02,12/07/2026,17.25.00,Sanger Panas,CASH,Selesai,1,15000,15000
932b8e22,61498b19,MN-05-02,12/07/2026,17.25.00,Sanger Panas,CASH,Selesai,1,15000,15000
e318fd61,61498b19,MN-01,12/07/2026,17.25.00,Air Mineral,CASH,Selesai,1,5000,5000
c23c0d66,50b37564,MN-04-02,13/07/2026,08.55.00,Americano Panas,CASH,Selesai,2,10000,20000
891efc00,fcf443af,MN-04-02,13/07/2026,11.06.00,Americano Panas,QRIS,Selesai,1,12000,12000
87d8e5a0,b45271d1,MN-05-02,13/07/2026,11.25.00,Sanger Panas,CASH,Selesai,1,15000,15000
fa5502c4,e85020eb,MN-05-02,13/07/2026,12.03.00,Sanger Panas,CASH,Selesai,1,15000,15000
2b3a4ea3,571a7c4a,MN-02,13/07/2026,13.06.00,Badak,QRIS,Selesai,1,10000,10000
919c2a27,571a7c4a,MN-04-01,13/07/2026,13.06.00,Americano Dingin,QRIS,Selesai,1,12000,12000
7bb779b8,571a7c4a,MN-04-02,13/07/2026,00.00.00,Americano Panas,QRIS,Selesai,2,12000,24000
c4680eff,2fd19606,MN-01,13/07/2026,15.17.00,Air Mineral,CASH,Selesai,1,5000,5000
e30e924b,21b7f10d,MN-08-01,13/07/2026,17.40.00,Teh Manis/Tawar Dingin,CASH,Selesai,1,8000,8000
1d8ca058,1d62c0f4,MN-08-02,14/07/2026,09.07.00,Teh Manis/Tawar Panas,QRIS,Selesai,1,8000,8000
87f8dd75,1d62c0f4,MN-01,14/07/2026,00.00.00,Air Mineral,QRIS,Selesai,1,5000,5000
de9c7cff,b6a4159f,MN-08-02,14/07/2026,10.32.00,Teh Manis/Tawar Panas,CASH,Selesai,1,0,0
417bb906,5c9fddcd,c2d8f5ad,14/07/2026,10.33.00,Susu putih,CASH,Selesai,1,0,0
b186182a,e4a61c64,MN-04-02,14/07/2026,13.31.00,Americano Panas,QRIS,Selesai,1,12000,12000
c9352000,bbd12391,MN-02,14/07/2026,14.08.00,Badak,QRIS,Selesai,1,10000,10000
d6c3b04d,205cfae7,MN-01,14/07/2026,15.33.00,Air Mineral,CASH,Selesai,1,5000,5000
8e9b3c4c,1b587655,MN-05-02,14/07/2026,16.46.00,Sanger Panas,CASH,Selesai,1,15000,15000
92ed1d35,1b587655,MN-04-02,14/07/2026,16.46.00,Americano Panas,CASH,Selesai,1,12000,12000
7f8e89a6,1b587655,MN-08-01,14/07/2026,16.46.00,Teh Manis/Tawar Dingin,CASH,Selesai,1,8000,8000
1610f2d9,1b587655,MN-05-02,14/07/2026,16.46.00,Sanger Panas,CASH,Selesai,1,15000,15000
f91f9daf,f772d807,MN-05-02,15/07/2026,09.09.00,Sanger Panas,QRIS,Selesai,1,13000,13000
2b371f0e,593b4c89,MN-05-01,15/07/2026,09.10.00,Sanger Dingin,CASH,Selesai,1,13000,13000
a38db879,593b4c89,MN-01,15/07/2026,00.00.00,Air Mineral,CASH,Selesai,1,5000,5000
00bdb222,a0530b39,MN-01,15/07/2026,00.00.00,Air Mineral,QRIS,Selesai,1,5000,5000
bd7cae0f,a0530b39,MN-05-01,15/07/2026,00.00.00,Sanger Dingin,QRIS,Selesai,1,15000,15000
2ef72deb,a0530b39,MKN-09,15/07/2026,00.00.00,Indomie Goreng,QRIS,Selesai,1,15000,15000
24427c38,74f0e88b,MKN-09,15/07/2026,12.58.00,Indomie Goreng,QRIS,Selesai,1,12000,12000
0290a6be,74f0e88b,MN-04-02,15/07/2026,12.58.00,Americano Panas,QRIS,Selesai,1,12000,12000
47d4f7cd,60cb0980,MN-05-01,15/07/2026,14.19.00,Sanger Dingin,CASH,Selesai,1,15000,15000
43470757,97d50355,MN-04-01,15/07/2026,14.48.00,Americano Dingin,CASH,Selesai,1,12000,12000
dd1e6063,ca78c35a,MN-05-01,16/07/2026,11.56.00,Sanger Dingin,,Selesai,1,0,0
771684d6,2d071573,MN-01,17/07/2026,00.00.00,Air Mineral,QRIS,Selesai,1,5000,5000
f77f8418,49aff05d,MN-05-01,17/07/2026,09.45.00,Sanger Dingin,CASH,Selesai,1,13000,13000
052c9e1f,549cd810,MN-05-01,17/07/2026,14.05.00,Sanger Dingin,QRIS,Selesai,1,15000,15000
3f0ec846,259db5ad,MN-04-01,17/07/2026,14.17.00,Americano Dingin,QRIS,Selesai,1,12000,12000
731749ae,4866aa25,MN-08-01,17/07/2026,17.24.00,Teh Manis/Tawar Dingin,QRIS,Selesai,1,8000,8000
7d76f922,4cd94496,MN-03,17/07/2026,00.00.00,Badak Susu,CASH,Selesai,2,15000,30000
a517518e,95d1010c,MN-01,17/07/2026,17.30.00,Air Mineral,,,1,5000,5000
cefd71c1,cc6fc982,MN-04-02,18/07/2026,12.40.00,Americano Panas,CASH,Selesai,1,12000,12000
33b5ec38,1d6a4f64,MN-04-02,18/07/2026,14.48.00,Americano Panas,CASH,Selesai,3,0,0
bc6739d0,575328bc,MN-03,18/07/2026,15.43.00,Badak Susu,CASH,Selesai,1,15000,15000
711cc239,a899c331,MN-03,18/07/2026,16.29.00,Badak Susu,CASH,Selesai,1,15000,15000
bd585c54,a899c331,MN-04-02,18/07/2026,16.29.00,Americano Panas,CASH,Selesai,1,12000,12000
9d52e963,42625453,MN-04-02,18/07/2026,16.46.00,Americano Panas,CASH,Selesai,1,12000,12000
f8203609,42625453,MN-02,18/07/2026,16.46.00,Badak,CASH,Selesai,1,10000,10000
547cb510,a4c4d247,MN-05-02,19/07/2026,10.47.00,Sanger Panas,CASH,Selesai,1,15000,15000
369f21cb,10417939,MN-05-02,19/07/2026,13.19.00,Sanger Panas,CASH,Selesai,1,15000,15000
a0c16111,39a56cce,MN-01,19/07/2026,13.42.00,Air Mineral,CASH,Selesai,1,5000,5000
7fa092ae,69067b7b,MN-05-01,19/07/2026,14.31.00,Sanger Dingin,CASH,Selesai,2,15000,30000
a370f1b2,69067b7b,MN-03,19/07/2026,14.31.00,Badak Susu,CASH,Selesai,1,15000,15000
cf61c8ad,69067b7b,MN-08-01,19/07/2026,14.31.00,Teh Manis/Tawar Dingin,CASH,Selesai,1,8000,8000
f9450199,a299e364,MN-03,19/07/2026,15.37.00,Badak Susu,QRIS,Selesai,3,15000,45000
c5605a71,96022587,MN-02,19/07/2026,15.40.00,Badak,CASH,Selesai,1,10000,10000
23b18e00,46861143,MN-02,19/07/2026,00.00.00,Badak,QRIS,Selesai,1,10000,10000
4fca54a5,d920b6eb,MN-05-01,19/07/2026,18.23.00,Sanger Dingin,QRIS,Selesai,2,15000,30000
ba91ae13,d920b6eb,MN-08-01,19/07/2026,18.23.00,Teh Manis/Tawar Dingin,QRIS,Selesai,2,8000,16000
cb163879,3da75a92,MN-02,20/07/2026,10.09.00,Badak,CASH,Selesai,1,10000,10000
5577fe63,a0471134,MN-05-01,20/07/2026,10.32.00,Sanger Dingin,QRIS,Selesai,1,13000,13000
df0189c1,1fb577db,MN-01,20/07/2026,09.50.00,Air Mineral,CASH,Selesai,1,5000,5000
50b28f9a,b4835e76,MN-05-01,20/07/2026,12.27.00,Sanger Dingin,CASH,Selesai,1,0,0
b62b8506,9e4a4a03,MN-02,20/07/2026,13.47.00,Badak,CASH,Selesai,1,10000,10000
7feea691,227bb498,MN-05-02,20/07/2026,14.55.00,Sanger Panas,CASH,Selesai,2,15000,30000
e77a4802,c7f6e3fb,MN-05-02,20/07/2026,18.21.00,Sanger Panas,CASH,Selesai,1,15000,15000
21f351ad,05d5da1d,MN-02,21/07/2026,10.36.00,Badak,CASH,Selesai,1,10000,10000
d363be34,f6d77171,MN-05-02,21/07/2026,11.22.00,Sanger Panas,CASH,Selesai,1,15000,15000
287f8b6b,79673d93,MN-05-01,21/07/2026,11.34.00,Sanger Dingin,CASH,Selesai,1,15000,15000
c5fe9b03,8da1ff02,MN-05-02,21/07/2026,11.35.00,Sanger Panas,CASH,Selesai,1,15000,15000
bc6ffd75,795008af,MN-01,21/07/2026,12.58.00,Air Mineral,QRIS,Selesai,1,5000,5000
348cc2b3,d9a860d9,MN-05-01,21/07/2026,00.00.00,Sanger Dingin,QRIS,Selesai,1,15000,15000
f1f5df11,795008af,MN-05-01,21/07/2026,12.58.00,Sanger Dingin,QRIS,Selesai,1,15000,15000
97897c4e,d3df40a4,MN-05-01,21/07/2026,13.51.00,Sanger Dingin,CASH,Selesai,2,15000,30000
9202593a,8c846899,MN-05-01,21/07/2026,15.18.00,Sanger Dingin,CASH,Selesai,1,0,0
57770420,24eaabfb,MN-01,21/07/2026,15.54.00,Air Mineral,CASH,Selesai,1,5000,5000
e80ba131,e947ed5d,MN-02,21/07/2026,16.32.00,Badak,QRIS,Selesai,1,10000,10000
8414c6f2,e947ed5d,MN-08-01,21/07/2026,16.32.00,Teh Manis/Tawar Dingin,QRIS,Selesai,1,8000,8000
77ed4a14,c85ce92e,MN-04-02,22/07/2026,10.08.00,Americano Panas,CASH,Selesai,1,10000,10000
1666f06d,5e3a2084,MN-05-02,22/07/2026,13.33.00,Sanger Panas,,,2,15000,30000
33887683,1795fe42,MN-08-01,22/07/2026,17.01.00,Teh Manis/Tawar Dingin,CASH,Selesai,4,8000,32000
34ce0ed5,e1ba0126,MN-02,23/07/2026,11.16.00,Badak,QRIS,Selesai,1,10000,10000
1559eff1,e1ba0126,MN-04-02,23/07/2026,11.16.00,Americano Panas,QRIS,Selesai,1,12000,12000
fc196f36,5bd37a47,MN-05-02,23/07/2026,11.30.00,Sanger Panas,CASH,Selesai,1,15000,15000
79a166d2,7d9476e4,MN-08-01,23/07/2026,12.20.00,Teh Manis/Tawar Dingin,CASH,Selesai,1,8000,8000
8a0d8683,420fd0b4,MN-04-01,23/07/2026,14.24.00,Americano Dingin,QRIS,Selesai,1,12000,12000
307c27d8,da2ae434,MN-05-01,23/07/2026,14.25.00,Sanger Dingin,CASH,Selesai,1,15000,15000
e28fd4d4,e2184e9a,MN-01,23/07/2026,15.47.00,Air Mineral,CASH,Selesai,1,5000,5000
ccaf2eec,178a8211,MN-04-02,23/07/2026,16.41.00,Americano Panas,CASH,Selesai,1,12000,12000
794280c7,3970168b,MN-04-01,23/07/2026,17.28.00,Americano Dingin,CASH,Selesai,1,12000,12000
18fe8e12,3970168b,MKN-09,23/07/2026,17.28.00,Indomie Goreng,CASH,Selesai,1,15000,15000